Feature	sample	counts
Algavirales	CM317	0
Algavirales	CMCD140	1
Algavirales	CMCD147	2
Algavirales	CMCD152	0
Algavirales	CMCD154	1
Algavirales	CMCD159	0
Algavirales	CMCD161	0
Algavirales	CMCD174	0
Algavirales	CMCD196	1
Algavirales	CMCD198	0
Algavirales	CMCD203	0
Algavirales	CMCD211	0
Algavirales	CMCD227	0
Algavirales	CMCD240	0
Algavirales	CMCD259	0
Algavirales	CMCD270	0
Algavirales	CMCD275	0
Algavirales	CMCD282	0
Algavirales	CMCD286	0
Algavirales	CMCD287	0
Algavirales	CMCD294	0
Algavirales	CMCD327	0
Algavirales	CMCD335	0
Algavirales	CMCD337	0
Algavirales	CMCD357	3
Algavirales	CMCD398	0
Algavirales	CMCD403	1
Algavirales	CMCD422	0
Algavirales	CMCD426	0
Algavirales	CMCD71	0
Algavirales	CMCD72	0
Algavirales	CMCD76	1
Algavirales	CMCD88	0
Algavirales	CMSA256	0
Algavirales	CMSA316	1
Algavirales	CMUC110	0
Algavirales	CMUC192	0
Algavirales	CMUC199	0
Algavirales	CMUC200	0
Algavirales	CMUC208	0
Algavirales	CMUC231	0
Algavirales	CMUC234	0
Algavirales	CMUC285	0
Algavirales	CMUC291	0
Algavirales	CMUC295	1
Algavirales	CMUC299	0
Algavirales	CMUC301	0
Algavirales	CMUC307	0
Algavirales	CMUC313	0
Algavirales	CMUC314	0
Algavirales	CMUC323	0
Algavirales	CMUC324	0
Algavirales	CMUC331	0
Algavirales	CMUC333	0
Algavirales	CMUC334	0
Algavirales	CMUC346	4
Algavirales	CMUC352	1
Algavirales	CMUC360	0
Algavirales	CMUC363	0
Algavirales	CMUC365	0
Algavirales	CMUC366	1
Algavirales	CMUC368	0
Algavirales	CMUC377	0
Algavirales	CMUC379	0
Algavirales	CMUC380	0
Algavirales	CMUC383	1
Algavirales	CMUC394	0
Algavirales	CMUC419	1
Algavirales	CMUC427	4
Algavirales	CMUC428	1
Algavirales	CMUC431	0
Algavirales	CMUC435	0
Algavirales	CMUC439	0
Algavirales	CMUC89	0
Algavirales	CS219	0
Algavirales	CS256	0
Algavirales	CS257	0
Algavirales	CS259	0
Algavirales	CS261	0
Algavirales	CS266	0
Algavirales	CS270	0
Algavirales	CS277	0
Algavirales	CS288	0
Algavirales	CS290	0
Algavirales	CS292	0
Algavirales	CS293	0
Algavirales	CS301	0
Algavirales	CS306	0
Algavirales	CS308	0
Algavirales	CS315	0
Algavirales	CS317	1
Algavirales	CS322	0
Algavirales	CS327	3
Algavirales	CS328	0
Algavirales	CS330	6
Algavirales	CS331	0
Algavirales	CS335	2
Algavirales	CS338	1
Algavirales	CS339	0
Algavirales	CS343	0
Algavirales	CS344	0
Algavirales	CS350	0
Algavirales	CS351	0
Algavirales	CS361	0
Algavirales	CS388	0
Algavirales	CS396	1
Algavirales	CS405	0
Algavirales	CS415	0
Algavirales	CS424	1
Algavirales	IM293	0
Algavirales	IM296	0
Algavirales	IM297	1
Algavirales	IM300	0
Algavirales	IM305	1
Algavirales	IM309	0
Algavirales	IM310	0
Algavirales	IM311	5
Algavirales	IM316	2
Algavirales	IM320	1
Algavirales	IM330	0
Algavirales	IM332	2
Algavirales	IM340	0
Algavirales	IM348	0
Algavirales	IM354	0
Algavirales	IM356	2
Algavirales	IM364	0
Algavirales	IM372	0
Algavirales	IM374	0
Algavirales	IM376	1
Algavirales	IM381	0
Algavirales	IM382	0
Algavirales	IM385	0
Algavirales	IM390	0
Algavirales	IM397	0
Algavirales	IM404	0
Algavirales	IM409	0
Algavirales	IM412	1
Algavirales	IM421	0
Algavirales	IM425	3
Algavirales	IM432	0
Algavirales	IM438	0
Algavirales	IM442	0
Algavirales	IM445	0
Algavirales	IM448	0
Algavirales	IM449	0
Algavirales	IM451	0
Algavirales	IMSA256	0
Algavirales	IMSA276	0
Algavirales	IMSA286	0
Algavirales	IMSA343	0
Algavirales	IS_238	0
Algavirales	IS238	0
Algavirales	IS243	0
Algavirales	IS253	0
Algavirales	IS283	0
Algavirales	IS322	0
Algavirales	IS399	1
Algavirales	IS418	0
Algavirales	IS430	0
Algavirales	IS437	1
Algavirales	IS444	0
Algavirales	R276CMSA	0
Algavirales	R286CMSA	1
Algavirales	R292CMSA	0
Algavirales	R292IMSA	0
Algavirales	R308CMSA	1
Algavirales	R316IMSA	0
Algavirales	R347CMSA	4
Algavirales	R347IMSA	0
Algavirales	R371CMSA	0
Algavirales	SRR10104064	NA
Algavirales	SRR10104065	NA
Algavirales	SRR10104066	NA
Algavirales	SRR10104067	NA
Algavirales	SRR10104068	NA
Algavirales	SRR10104069	NA
Algavirales	SRR10104070	NA
Algavirales	SRR10104071	NA
Algavirales	SRR10104072	NA
Algavirales	SRR10104073	NA
Algavirales	SRR10104074	NA
Algavirales	SRR10104075	NA
Algavirales	SRR10104076	NA
Algavirales	SRR10104077	NA
Algavirales	SRR10104078	NA
Algavirales	SRR10104079	NA
Algavirales	SRR10104080	NA
Algavirales	SRR10104081	NA
Algavirales	SRR10104082	NA
Algavirales	SRR10104083	NA
Algavirales	SRR10104084	NA
Algavirales	SRR10104085	NA
Algavirales	SRR10104086	NA
Algavirales	SRR10104087	NA
Algavirales	SRR10104088	NA
Algavirales	SRR10104089	NA
Algavirales	SRR10104090	NA
Algavirales	SRR10104091	NA
Algavirales	SRR10104092	NA
Algavirales	SRR10104093	NA
Algavirales	SRR10104094	NA
Algavirales	SRR10104095	NA
Algavirales	SRR10104096	NA
Algavirales	SRR10104097	NA
Algavirales	SRR10104098	NA
Algavirales	SRR10104099	NA
Algavirales	SRR10104100	NA
Algavirales	SRR10104101	NA
Algavirales	SRR10104102	NA
Algavirales	SRR10104103	NA
Algavirales	SRR10104104	NA
Algavirales	SRR10104105	NA
Algavirales	SRR10104106	NA
Algavirales	SRR10104107	NA
Algavirales	SRR10104108	NA
Algavirales	SRR10104109	NA
Algavirales	SRR10104110	NA
Algavirales	SRR10104111	NA
Algavirales	SRR10104112	NA
Algavirales	SRR10104113	NA
Algavirales	SRR10104114	NA
Algavirales	SRR10104115	NA
Algavirales	SRR10104116	NA
Algavirales	SRR10104117	NA
Algavirales	SRR10104118	NA
Algavirales	SRR10104119	NA
Algavirales	SRR10104120	NA
Algavirales	SRR10104121	NA
Algavirales	SRR10104122	NA
Algavirales	SRR10104123	NA
Algavirales	SRR10104124	NA
Algavirales	SRR10104125	NA
Algavirales	SRR10104126	NA
Algavirales	SRR10104127	NA
Algavirales	SRR10104128	NA
Algavirales	SRR10104129	NA
Algavirales	SRR10104130	NA
Algavirales	SRR10104131	NA
Algavirales	SRR10104132	NA
Algavirales	SRR10104133	NA
Algavirales	SRR10104134	NA
Algavirales	SRR10104135	NA
Algavirales	SRR10104136	NA
Algavirales	SRR10104137	NA
Algavirales	SRR10104138	NA
Algavirales	SRR10104139	NA
Algavirales	SRR10104140	NA
Algavirales	SRR10104141	NA
Algavirales	SRR10104142	NA
Algavirales	SRR10104143	NA
Algavirales	SRR10104144	NA
Algavirales	SRR10104145	NA
Algavirales	SRR10104146	NA
Algavirales	SRR10104147	NA
Algavirales	SRR10104148	NA
Algavirales	SRR10104149	NA
Algavirales	SRR10104150	NA
Algavirales	SRR10104151	NA
Algavirales	SRR10104152	NA
Algavirales	SRR10104153	NA
Algavirales	SRR10104154	NA
Algavirales	SRR10104155	NA
Algavirales	SRR10104156	NA
Algavirales	SRR10104157	NA
Algavirales	SRR10104158	NA
Algavirales	SRR10104159	NA
Algavirales	SRR10104160	NA
Algavirales	SRR10104161	NA
Algavirales	SRR10104162	NA
Algavirales	SRR10104163	NA
Algavirales	SRR10104164	NA
Algavirales	SRR10104165	NA
Algavirales	SRR10104166	NA
Algavirales	SRR10104167	NA
Algavirales	SRR10104168	NA
Algavirales	SRR10104169	NA
Algavirales	SRR10104170	NA
Algavirales	SRR10104171	NA
Algavirales	SRR10104172	NA
Algavirales	SRR10104173	NA
Algavirales	SRR10104174	NA
Algavirales	SRR10104175	NA
Algavirales	SRR10104176	NA
Algavirales	SRR10104177	NA
Algavirales	SRR10104178	NA
Algavirales	SRR10104179	NA
Algavirales	SRR10104180	NA
Algavirales	SRR10104181	NA
Algavirales	SRR10104182	NA
Algavirales	SRR10104183	NA
Algavirales	SRR10104184	NA
Algavirales	SRR10104185	NA
Algavirales	SRR10104186	NA
Algavirales	SRR10104187	NA
Algavirales	SRR10104188	NA
Algavirales	SRR10104189	NA
Algavirales	SRR10104190	NA
Algavirales	SRR10104191	NA
Algavirales	SRR10104192	NA
Algavirales	SRR10104193	NA
Algavirales	SRR10104194	NA
Algavirales	SRR10104195	NA
Algavirales	SRR10104196	NA
Algavirales	SRR10104197	NA
Algavirales	SRR10104198	NA
Algavirales	SRR10104199	NA
Algavirales	SRR10104200	NA
Algavirales	SRR10104201	NA
Algavirales	SRR10104202	NA
Algavirales	SRR10104203	NA
Algavirales	SRR10104204	NA
Algavirales	SRR10104205	NA
Algavirales	SRR10104206	NA
Algavirales	SRR10104207	NA
Algavirales	SRR10104208	NA
Algavirales	SRR10104209	NA
Algavirales	SRR10104210	NA
Algavirales	SRR10104211	NA
Algavirales	SRR10104212	NA
Algavirales	SRR10104213	NA
Algavirales	SRR10104214	NA
Algavirales	SRR10104215	NA
Algavirales	SRR10104216	NA
Algavirales	SRR10104217	NA
Algavirales	SRR10104218	NA
Algavirales	SRR10104219	NA
Algavirales	SRR10104220	NA
Algavirales	SRR10104221	NA
Algavirales	SRR10104222	NA
Algavirales	SRR10104223	NA
Algavirales	SRR10104224	NA
Algavirales	SRR10104225	NA
Algavirales	SRR10104226	NA
Algavirales	SRR10104227	NA
Algavirales	SRR10104228	NA
Algavirales	SRR10104229	NA
Algavirales	SRR10104230	NA
Algavirales	SRR10104231	NA
Algavirales	SRR10104232	NA
Algavirales	SRR10104233	NA
Algavirales	SRR10104234	NA
Algavirales	SRR10104235	NA
Algavirales	SRR10104236	NA
Algavirales	SRR10104237	NA
Algavirales	SRR10104238	NA
Algavirales	SRR10104239	NA
Algavirales	SRR10104240	NA
Algavirales	SRR10104241	NA
Algavirales	SRR10104242	NA
Algavirales	SRR10104243	NA
Algavirales	SRR10104244	NA
Algavirales	SRR10104245	NA
Algavirales	SRR10104246	NA
Algavirales	SRR10104247	NA
Algavirales	SRR10104248	NA
Algavirales	SRR10104249	NA
Algavirales	SRR10104250	NA
Algavirales	SRR10104251	NA
Algavirales	SRR10104252	NA
Algavirales	SRR10104253	NA
Algavirales	SRR10104254	NA
Algavirales	SRR10104255	NA
Algavirales	SRR10104256	NA
Algavirales	SRR10104257	NA
Algavirales	SRR10104258	NA
Algavirales	SRR10224277	0
Algavirales	SRR10224278	0
Algavirales	SRR10224279	0
Algavirales	SRR10224280	0
Algavirales	SRR10224281	0
Algavirales	SRR10224282	0
Algavirales	SRR10224283	0
Algavirales	SRR10224284	0
Algavirales	SRR10224285	0
Algavirales	SRR10224286	0
Algavirales	SRR10224287	0
Algavirales	SRR10224288	0
Algavirales	SRR10224289	0
Algavirales	SRR10224290	0
Algavirales	SRR10224291	0
Algavirales	SRR10224292	0
Algavirales	SRR10224293	0
Algavirales	SRR10224294	0
Algavirales	SRR10224295	0
Algavirales	SRR10224296	0
Algavirales	SRR10224297	0
Algavirales	SRR10224298	0
Algavirales	SRR10318388	NA
Algavirales	SRR10318389	NA
Algavirales	SRR10318390	NA
Algavirales	SRR10318391	NA
Algavirales	SRR10318392	NA
Algavirales	SRR10318393	NA
Algavirales	SRR10318394	NA
Algavirales	SRR10318395	NA
Algavirales	SRR10318396	NA
Algavirales	SRR10318397	NA
Algavirales	SRR10318398	NA
Algavirales	SRR10318399	NA
Algavirales	SRR10318400	NA
Algavirales	SRR10318401	NA
Algavirales	SRR10318402	NA
Algavirales	SRR10318403	NA
Algavirales	SRR10318404	NA
Algavirales	SRR10318405	NA
Algavirales	SRR10318406	NA
Algavirales	SRR10318407	NA
Algavirales	SRR10318408	NA
Algavirales	SRR10318409	NA
Algavirales	SRR10318410	NA
Algavirales	SRR10318411	NA
Algavirales	SRR10318412	NA
Algavirales	SRR10318413	NA
Algavirales	SRR10318414	NA
Algavirales	SRR10318415	NA
Algavirales	SRR10318416	NA
Algavirales	SRR10318417	NA
Algavirales	SRR10318418	NA
Algavirales	SRR10318419	NA
Algavirales	SRR10318420	NA
Algavirales	SRR10318421	NA
Algavirales	SRR10318422	NA
Algavirales	SRR10318423	NA
Algavirales	SRR10318424	NA
Algavirales	SRR10318425	NA
Algavirales	SRR10318426	NA
Algavirales	SRR10318427	NA
Algavirales	SRR10318428	NA
Algavirales	SRR10318429	NA
Algavirales	SRR10318430	NA
Algavirales	SRR10318431	NA
Algavirales	SRR10318432	NA
Algavirales	SRR10318433	NA
Algavirales	SRR10318434	NA
Algavirales	SRR10318435	NA
Algavirales	SRR10318436	NA
Algavirales	SRR10318437	NA
Algavirales	SRR10318438	NA
Algavirales	SRR10318439	NA
Algavirales	SRR10318440	NA
Algavirales	SRR10318441	NA
Algavirales	SRR10318442	NA
Algavirales	SRR10318443	NA
Algavirales	SRR10318444	NA
Algavirales	SRR10318445	NA
Algavirales	SRR10318446	NA
Algavirales	SRR10318447	NA
Algavirales	SRR10318448	NA
Algavirales	SRR10318449	NA
Algavirales	SRR10318450	NA
Algavirales	SRR10318451	NA
Algavirales	SRR10318452	NA
Algavirales	SRR10318453	NA
Algavirales	SRR10318454	NA
Algavirales	SRR10318455	NA
Algavirales	SRR10318456	NA
Algavirales	SRR10318457	NA
Algavirales	SRR10318458	NA
Algavirales	SRR10318459	NA
Algavirales	SRR10318460	NA
Algavirales	SRR10318461	NA
Algavirales	SRR10318462	NA
Algavirales	SRR10318463	NA
Algavirales	SRR10318464	NA
Algavirales	SRR10318465	NA
Algavirales	SRR10318466	NA
Algavirales	SRR10318467	NA
Algavirales	SRR10318468	NA
Algavirales	SRR10318469	NA
Algavirales	SRR10318470	NA
Algavirales	SRR10318471	NA
Algavirales	SRR10318472	NA
Algavirales	SRR10318473	NA
Algavirales	SRR10318474	NA
Algavirales	SRR10318475	NA
Algavirales	SRR10318476	NA
Algavirales	SRR10318495	NA
Algavirales	SRR10318496	NA
Algavirales	SRR10318497	NA
Algavirales	SRR10318498	NA
Algavirales	SRR10318499	NA
Algavirales	SRR10318500	NA
Algavirales	SRR10318501	NA
Algavirales	SRR10318502	NA
Algavirales	SRR10318503	NA
Algavirales	SRR10318504	NA
Algavirales	SRR10318505	NA
Algavirales	SRR10318506	NA
Algavirales	SRR10318507	NA
Algavirales	SRR10318508	NA
Algavirales	SRR10318509	NA
Algavirales	SRR10318510	NA
Algavirales	SRR10318511	NA
Algavirales	SRR10318512	NA
Algavirales	SRR10318513	NA
Algavirales	SRR10318514	NA
Algavirales	SRR10318515	NA
Algavirales	SRR10318516	NA
Algavirales	SRR10318517	NA
Algavirales	SRR10318518	NA
Algavirales	SRR10318519	NA
Algavirales	SRR10318520	NA
Algavirales	SRR10318521	NA
Algavirales	SRR10318522	NA
Algavirales	SRR10318523	NA
Algavirales	SRR10318524	NA
Algavirales	SRR10318525	NA
Algavirales	SRR10318526	NA
Algavirales	SRR10318527	NA
Algavirales	SRR10318528	NA
Algavirales	SRR10318529	NA
Algavirales	SRR10318530	NA
Algavirales	SRR10318531	NA
Algavirales	SRR10318532	NA
Algavirales	SRR10318533	NA
Algavirales	SRR10318534	NA
Algavirales	SRR10318535	NA
Algavirales	SRR10318536	NA
Algavirales	SRR10318537	NA
Algavirales	SRR10318538	NA
Algavirales	SRR10318539	NA
Algavirales	SRR10318540	NA
Algavirales	SRR10318541	NA
Algavirales	SRR10318542	NA
Algavirales	SRR10318543	NA
Algavirales	SRR10318544	NA
Algavirales	SRR10318545	NA
Algavirales	SRR10318546	NA
Algavirales	SRR10318547	NA
Algavirales	SRR10318548	NA
Algavirales	SRR10318549	NA
Algavirales	SRR10318568	NA
Algavirales	SRR10318569	NA
Algavirales	SRR10318570	NA
Algavirales	SRR10318571	NA
Algavirales	SRR10318572	NA
Algavirales	SRR10318573	NA
Algavirales	SRR10318574	NA
Algavirales	SRR10318575	NA
Algavirales	SRR10318576	NA
Algavirales	SRR10318577	NA
Algavirales	SRR10318578	NA
Algavirales	SRR10318579	NA
Algavirales	SRR10318580	NA
Algavirales	SRR10318581	NA
Algavirales	SRR10875803	0
Algavirales	SRR10875804	0
Algavirales	SRR10875805	0
Algavirales	SRR10875806	0
Algavirales	SRR10875807	0
Algavirales	SRR10875808	1
Algavirales	SRR10875809	0
Algavirales	SRR10875810	1
Algavirales	SRR10875812	0
Algavirales	SRR10875813	0
Algavirales	SRR10875814	0
Algavirales	SRR10875815	0
Algavirales	SRR10875816	0
Algavirales	SRR10875817	0
Algavirales	SRR10875818	2
Algavirales	SRR10875819	0
Algavirales	SRR10875820	0
Algavirales	SRR10875821	1
Algavirales	SRR10875822	0
Algavirales	SRR10875823	0
Algavirales	SRR10875824	0
Algavirales	SRR10875825	0
Algavirales	SRR10875826	0
Algavirales	SRR10875827	1
Algavirales	SRR10875829	0
Algavirales	SRR10875830	0
Algavirales	SRR10875831	0
Algavirales	SRR10875832	0
Algavirales	SRR10875834	1
Algavirales	SRR10875835	0
Algavirales	SRR10875836	1
Algavirales	SRR10875837	0
Algavirales	SRR10875838	1
Algavirales	SRR10875839	0
Algavirales	SRR10875840	0
Algavirales	SRR10875841	0
Algavirales	SRR10875842	0
Algavirales	SRR10875843	6
Algavirales	SRR10875844	0
Algavirales	SRR10875845	0
Algavirales	SRR10875846	1
Algavirales	SRR10875847	1
Algavirales	SRR10875848	1
Algavirales	SRR10875849	0
Algavirales	SRR10875850	0
Algavirales	SRR10875851	0
Algavirales	SRR10875852	1
Algavirales	SRR10875853	0
Algavirales	SRR10875854	0
Algavirales	SRR10875855	2
Algavirales	SRR10875856	0
Algavirales	SRR10875857	0
Algavirales	SRR10875858	0
Algavirales	SRR10875859	0
Algavirales	SRR10875860	0
Algavirales	SRR10875861	0
Algavirales	SRR10875862	0
Algavirales	SRR10875863	0
Algavirales	SRR10875864	0
Algavirales	SRR10875865	0
Algavirales	SRR10875866	0
Algavirales	SRR10875867	1
Algavirales	SRR10875868	0
Algavirales	SRR10875869	1
Algavirales	SRR10875870	2
Algavirales	SRR10875871	2
Algavirales	SRR10875872	0
Algavirales	SRR10875873	0
Algavirales	SRR10875874	1
Algavirales	SRR10875875	0
Algavirales	SRR10875876	0
Algavirales	SRR10875877	1
Algavirales	SRR10875878	0
Algavirales	SRR10875879	0
Algavirales	SRR10875880	1
Algavirales	SRR10875881	0
Algavirales	SRR10875882	0
Algavirales	SRR10875883	0
Algavirales	SRR10875884	0
Algavirales	SRR10875885	0
Algavirales	SRR10875886	0
Algavirales	SRR10875887	0
Algavirales	SRR10875888	0
Algavirales	SRR10875889	0
Algavirales	SRR10875890	2
Algavirales	SRR10875891	9
Algavirales	SRR10875892	1
Algavirales	SRR10875893	0
Algavirales	SRR10875894	1
Algavirales	SRR10875895	0
Algavirales	SRR10875896	0
Algavirales	SRR10875897	1
Algavirales	SRR10875898	0
Algavirales	SRR10875899	0
Algavirales	SRR10875900	0
Algavirales	SRR10875901	0
Algavirales	SRR10875902	0
Algavirales	SRR12430469	0
Algavirales	SRR12430470	0
Algavirales	SRR12430471	0
Algavirales	SRR12430472	0
Algavirales	SRR12430473	0
Algavirales	SRR12430474	0
Algavirales	SRR12430475	0
Algavirales	SRR12430476	0
Algavirales	SRR12765534	NA
Algavirales	SRR12765535	NA
Algavirales	SRR12765536	NA
Algavirales	SRR12765537	NA
Algavirales	SRR12765538	NA
Algavirales	SRR12765539	NA
Algavirales	SRR12765540	NA
Algavirales	SRR12765541	NA
Algavirales	SRR12765542	NA
Algavirales	SRR12765543	NA
Algavirales	SRR12765544	NA
Algavirales	SRR12765545	NA
Algavirales	SRR12765546	NA
Algavirales	SRR12765547	NA
Algavirales	SRR12765548	NA
Algavirales	SRR12765549	NA
Algavirales	SRR12765550	NA
Algavirales	SRR12765551	NA
Algavirales	SRR12765552	NA
Algavirales	SRR12765553	NA
Algavirales	SRR12765554	NA
Algavirales	SRR12765555	NA
Algavirales	SRR12765556	NA
Algavirales	SRR12765557	NA
Algavirales	SRR12765558	NA
Algavirales	SRR12765559	NA
Algavirales	SRR12765560	NA
Algavirales	SRR12765561	NA
Algavirales	SRR12765562	NA
Algavirales	SRR12765563	NA
Algavirales	SRR12765564	NA
Algavirales	SRR12765565	NA
Algavirales	SRR12765566	NA
Algavirales	SRR12765567	NA
Algavirales	SRR12765568	NA
Algavirales	SRR12765569	NA
Algavirales	SRR12765570	NA
Algavirales	SRR12765571	NA
Algavirales	SRR12765572	NA
Algavirales	SRR12765573	NA
Algavirales	SRR12765574	NA
Algavirales	SRR12765575	NA
Algavirales	SRR12765576	NA
Algavirales	SRR12765577	NA
Algavirales	SRR12765578	NA
Algavirales	SRR12765579	NA
Algavirales	SRR12765580	NA
Algavirales	SRR12765581	NA
Algavirales	SRR12765582	NA
Algavirales	SRR12765583	NA
Algavirales	SRR12765584	NA
Algavirales	SRR12765585	NA
Algavirales	SRR12765586	NA
Algavirales	SRR12765587	NA
Algavirales	SRR12765588	NA
Algavirales	SRR12765589	NA
Algavirales	SRR12765590	NA
Algavirales	SRR12765591	NA
Algavirales	SRR12765592	NA
Algavirales	SRR12765593	NA
Algavirales	SRR12765594	NA
Algavirales	SRR12765595	NA
Algavirales	SRR12765596	NA
Algavirales	SRR12765597	NA
Algavirales	SRR12765598	NA
Algavirales	SRR12765599	NA
Algavirales	SRR12765600	NA
Algavirales	SRR12765601	NA
Algavirales	SRR12765602	NA
Algavirales	SRR12765603	NA
Algavirales	SRR12765604	NA
Algavirales	SRR12765605	NA
Algavirales	SRR12765606	NA
Algavirales	SRR12765607	NA
Algavirales	SRR12765608	NA
Algavirales	SRR12765609	NA
Algavirales	SRR12765610	NA
Algavirales	SRR12765611	NA
Algavirales	SRR12765612	NA
Algavirales	SRR12765613	NA
Algavirales	SRR12765614	NA
Algavirales	SRR12765615	NA
Algavirales	SRR12765616	NA
Algavirales	SRR12765617	NA
Algavirales	SRR12765618	NA
Algavirales	SRR12765619	NA
Algavirales	SRR12765620	NA
Algavirales	SRR12765621	NA
Algavirales	SRR12765622	NA
Algavirales	SRR12765623	NA
Algavirales	SRR12765624	NA
Algavirales	SRR12765625	NA
Algavirales	SRR12765626	NA
Algavirales	SRR12765627	NA
Algavirales	SRR12765628	NA
Algavirales	SRR12765629	NA
Algavirales	SRR12765630	NA
Algavirales	SRR12765631	NA
Algavirales	SRR12765632	NA
Algavirales	SRR12765633	NA
Algavirales	SRR12765634	NA
Algavirales	SRR12765635	NA
Algavirales	SRR12765636	NA
Algavirales	SRR12765637	NA
Algavirales	SRR12765638	NA
Algavirales	SRR12765639	NA
Algavirales	SRR12765640	NA
Algavirales	SRR12765641	NA
Algavirales	SRR12765642	NA
Algavirales	SRR12765643	NA
Algavirales	SRR12765644	NA
Algavirales	SRR12765645	NA
Algavirales	SRR12765646	NA
Algavirales	SRR12765647	NA
Algavirales	SRR12765648	NA
Algavirales	SRR12765649	NA
Algavirales	SRR12765650	NA
Algavirales	SRR12765651	NA
Algavirales	SRR12765652	NA
Algavirales	SRR12774664	0
Algavirales	SRR12774665	0
Algavirales	SRR12774666	0
Algavirales	SRR12774667	0
Algavirales	SRR12774668	0
Algavirales	SRR12774669	0
Algavirales	SRR12774670	0
Algavirales	SRR12774671	0
Algavirales	SRR12774672	0
Algavirales	SRR12774673	0
Algavirales	SRR12774674	0
Algavirales	SRR12774675	0
Algavirales	SRR12774676	0
Algavirales	SRR12774677	0
Algavirales	SRR12774678	0
Algavirales	SRR12774679	0
Algavirales	SRR12774680	0
Algavirales	SRR12774681	0
Algavirales	SRR12774682	0
Algavirales	SRR12774683	0
Algavirales	SRR12774684	0
Algavirales	SRR12774685	0
Algavirales	SRR12774686	0
Algavirales	SRR12774687	0
Algavirales	SRR1609360	0
Algavirales	SRR1609361	0
Algavirales	SRR1609362	0
Algavirales	SRR1609363	0
Algavirales	SRR1609364	0
Algavirales	SRR1609365	0
Algavirales	SRR1609366	0
Algavirales	SRR1609367	0
Algavirales	SRR1609368	0
Algavirales	SRR1609369	0
Algavirales	SRR1609370	0
Algavirales	SRR1609371	0
Algavirales	SRR1609372	0
Algavirales	SRR1609373	0
Algavirales	SRR1609374	0
Algavirales	SRR1609375	0
Algavirales	SRR1609376	0
Algavirales	SRR1609377	0
Algavirales	SRR1609378	0
Algavirales	SRR1609379	0
Algavirales	SRR1609380	0
Algavirales	SRR1609381	0
Algavirales	SRR1609382	0
Algavirales	SRR1609383	0
Algavirales	SRR1609384	0
Algavirales	SRR1609385	0
Algavirales	SRR1609386	0
Algavirales	SRR1609387	0
Algavirales	SRR1609388	0
Algavirales	SRR1609389	0
Algavirales	SRR1609390	0
Algavirales	SRR1609391	0
Algavirales	SRR1609392	0
Algavirales	SRR1609393	0
Algavirales	SRR1609394	0
Algavirales	SRR1609395	0
Algavirales	SRR1609396	0
Algavirales	SRR1609397	0
Algavirales	SRR1609398	0
Algavirales	SRR1609399	0
Algavirales	SRR1609400	0
Algavirales	SRR1609401	0
Algavirales	SRR1609402	0
Algavirales	SRR1609403	0
Algavirales	SRR1609404	0
Algavirales	SRR1609405	0
Algavirales	SRR1609406	0
Algavirales	SRR1609407	0
Algavirales	SRR1609408	0
Algavirales	SRR1609409	0
Algavirales	SRR1609410	0
Algavirales	SRR1609411	0
Algavirales	SRR1609412	0
Algavirales	SRR1609413	0
Algavirales	SRR1609414	0
Algavirales	SRR1609415	0
Algavirales	SRR1609416	0
Algavirales	SRR1609417	0
Algavirales	SRR1609418	0
Algavirales	SRR1609419	0
Algavirales	SRR1609420	0
Algavirales	SRR1609421	0
Algavirales	SRR1609422	0
Algavirales	SRR1609423	0
Algavirales	SRR1609424	0
Algavirales	SRR1609425	0
Algavirales	SRR1609426	0
Algavirales	SRR1609427	0
Algavirales	SRR1609428	0
Algavirales	SRR1609429	0
Algavirales	SRR1609430	0
Algavirales	SRR1609431	0
Algavirales	SRR1609432	0
Algavirales	SRR1609433	0
Algavirales	SRR1609434	0
Algavirales	SRR1609435	0
Algavirales	SRR1609436	0
Algavirales	SRR1609437	0
Algavirales	SRR1609438	0
Algavirales	SRR1609439	0
Algavirales	SRR1609440	0
Algavirales	SRR1609441	0
Algavirales	SRR1609442	0
Algavirales	SRR1609443	0
Algavirales	SRR1609444	0
Algavirales	SRR1609445	0
Algavirales	SRR1609446	0
Algavirales	SRR1609447	0
Algavirales	SRR1609448	0
Algavirales	SRR1609449	0
Algavirales	SRR1609450	0
Algavirales	SRR1609451	0
Algavirales	SRR1609452	0
Algavirales	SRR1609453	0
Algavirales	SRR1609454	0
Algavirales	SRR1609455	0
Algavirales	SRR1609456	0
Algavirales	SRR1609457	0
Algavirales	SRR1609458	0
Algavirales	SRR1609459	0
Algavirales	SRR1609460	0
Algavirales	SRR1609461	0
Algavirales	SRR1609462	0
Algavirales	SRR1609463	0
Algavirales	SRR1609464	0
Algavirales	SRR1609465	0
Algavirales	SRR1609466	0
Algavirales	SRR1609467	0
Algavirales	SRR1609468	0
Algavirales	SRR1609469	0
Algavirales	SRR1609470	0
Algavirales	SRR1609471	0
Algavirales	SRR1609472	0
Algavirales	SRR1609473	0
Algavirales	SRR1609474	0
Algavirales	SRR1609475	0
Algavirales	SRR1609476	0
Algavirales	SRR1609477	0
Algavirales	SRR1609478	0
Algavirales	SRR1609479	0
Algavirales	SRR1609480	0
Algavirales	SRR1609481	0
Algavirales	SRR1609482	0
Algavirales	SRR1609483	0
Algavirales	SRR1609484	0
Algavirales	SRR1609485	0
Algavirales	SRR1609486	0
Algavirales	SRR1609487	0
Algavirales	SRR1609488	0
Algavirales	SRR1609489	0
Algavirales	SRR1609490	0
Algavirales	SRR1609491	0
Algavirales	SRR1609492	0
Algavirales	SRR1609493	0
Algavirales	SRR1609494	0
Algavirales	SRR1609495	0
Algavirales	SRR1609496	0
Algavirales	SRR1609497	0
Algavirales	SRR1609498	0
Algavirales	SRR1609499	0
Algavirales	SRR1609500	0
Algavirales	SRR1609501	0
Algavirales	SRR1609502	0
Algavirales	SRR1609503	0
Algavirales	SRR1609504	0
Algavirales	SRR1609505	0
Algavirales	SRR1609506	0
Algavirales	SRR1609507	0
Algavirales	SRR1609508	0
Algavirales	SRR1609509	0
Algavirales	SRR1609510	0
Algavirales	SRR1609511	0
Algavirales	SRR1609512	0
Algavirales	SRR1609513	0
Algavirales	SRR1609514	0
Algavirales	SRR1609515	0
Algavirales	SRR1609516	0
Algavirales	SRR1609517	0
Algavirales	SRR1609518	0
Algavirales	SRR1609519	0
Algavirales	SRR1609520	0
Algavirales	SRR1609521	0
Algavirales	SRR1609522	0
Algavirales	SRR1609523	0
Algavirales	SRR1609524	0
Algavirales	SRR1609525	0
Algavirales	SRR1609526	0
Algavirales	SRR1609527	0
Algavirales	SRR1609528	0
Algavirales	SRR1609529	0
Algavirales	SRR1609530	0
Algavirales	SRR1609531	0
Algavirales	SRR1609532	0
Algavirales	SRR1609533	0
Algavirales	SRR1609534	0
Algavirales	SRR1609535	0
Algavirales	SRR1609536	0
Algavirales	SRR1609537	0
Algavirales	SRR1609538	0
Algavirales	SRR1609539	0
Algavirales	SRR1609540	0
Algavirales	SRR1609541	0
Algavirales	SRR1609542	0
Algavirales	SRR1609543	0
Algavirales	SRR1609544	0
Algavirales	SRR1609545	0
Algavirales	SRR1609546	0
Algavirales	SRR1609547	0
Algavirales	SRR1609548	0
Algavirales	SRR1609549	0
Algavirales	SRR1609550	0
Algavirales	SRR1609551	0
Algavirales	SRR1609552	0
Algavirales	SRR1609553	0
Algavirales	SRR1609554	0
Algavirales	SRR1609555	0
Algavirales	SRR1609556	0
Algavirales	SRR1609557	0
Algavirales	SRR1609558	0
Algavirales	SRR1609559	0
Algavirales	SRR1609560	0
Algavirales	SRR1609561	0
Algavirales	SRR1609562	0
Algavirales	SRR1609563	0
Algavirales	SRR1609564	0
Algavirales	SRR1609565	0
Algavirales	SRR1609566	0
Algavirales	SRR1609567	0
Algavirales	SRR1609568	0
Algavirales	SRR1609569	0
Algavirales	SRR1609570	0
Algavirales	SRR1609571	0
Algavirales	SRR1609572	0
Algavirales	SRR1609573	0
Algavirales	SRR1609574	0
Algavirales	SRR1609575	0
Algavirales	SRR1609576	0
Algavirales	SRR1609577	0
Algavirales	SRR1609578	0
Algavirales	SRR1609579	0
Algavirales	SRR1609580	0
Algavirales	SRR1609581	0
Algavirales	SRR1609582	0
Algavirales	SRR1609583	0
Algavirales	SRR1609584	0
Algavirales	SRR1609585	0
Algavirales	SRR1609586	0
Algavirales	SRR1609587	0
Algavirales	SRR1609588	0
Algavirales	SRR1609589	0
Algavirales	SRR1609590	0
Algavirales	SRR1609591	0
Algavirales	SRR1609592	0
Algavirales	SRR1609593	0
Algavirales	SRR1609594	0
Algavirales	SRR1609595	0
Algavirales	SRR1609596	0
Algavirales	SRR1609597	0
Algavirales	SRR1609598	0
Algavirales	SRR1609599	0
Algavirales	SRR1609600	0
Algavirales	SRR1609601	0
Algavirales	SRR1609602	0
Algavirales	SRR1609603	0
Algavirales	SRR1609604	0
Algavirales	SRR1609605	0
Algavirales	SRR1609606	0
Algavirales	SRR1609607	0
Algavirales	SRR1609608	0
Algavirales	SRR1609609	0
Algavirales	SRR1609610	0
Algavirales	SRR1609611	0
Algavirales	SRR1609612	0
Algavirales	SRR1609613	0
Algavirales	SRR1609614	0
Algavirales	SRR1609615	0
Algavirales	SRR1609616	0
Algavirales	SRR1609617	0
Algavirales	SRR1609618	0
Algavirales	SRR1609619	0
Algavirales	SRR1609620	0
Algavirales	SRR1609621	0
Algavirales	SRR1609622	0
Algavirales	SRR1609623	0
Algavirales	SRR1609624	0
Algavirales	SRR1609625	0
Algavirales	SRR1609626	0
Algavirales	SRR1609627	0
Algavirales	SRR1609628	0
Algavirales	SRR1609629	0
Algavirales	SRR1609630	0
Algavirales	SRR1609631	0
Algavirales	SRR1609632	0
Algavirales	SRR1609633	0
Algavirales	SRR1609634	0
Algavirales	SRR1609635	0
Algavirales	SRR1609636	0
Algavirales	SRR1609637	0
Algavirales	SRR1609638	0
Algavirales	SRR1609639	0
Algavirales	SRR1609640	0
Algavirales	SRR1609641	0
Algavirales	SRR1609642	0
Algavirales	SRR1609643	0
Algavirales	SRR1609644	0
Algavirales	SRR1609645	0
Algavirales	SRR1609646	0
Algavirales	SRR1609647	0
Algavirales	SRR1609648	0
Algavirales	SRR1609649	0
Algavirales	SRR1609650	0
Algavirales	SRR1609651	0
Algavirales	SRR1609652	0
Algavirales	SRR1609653	0
Algavirales	SRR1609654	0
Algavirales	SRR1609655	0
Algavirales	SRR1609656	0
Algavirales	SRR1609657	0
Algavirales	SRR1609658	0
Algavirales	SRR1609659	0
Algavirales	SRR1609660	0
Algavirales	SRR1609661	0
Algavirales	SRR1609662	0
Algavirales	SRR1609663	0
Algavirales	SRR1609664	0
Algavirales	SRR1609665	0
Algavirales	SRR1609666	0
Algavirales	SRR1609667	0
Algavirales	SRR1609668	0
Algavirales	SRR1609669	0
Algavirales	SRR1746771	NA
Algavirales	SRR1746772	NA
Algavirales	SRR1746773	NA
Algavirales	SRR1746774	NA
Algavirales	SRR1746775	NA
Algavirales	SRR1746776	NA
Algavirales	SRR1746777	NA
Algavirales	SRR1746778	NA
Algavirales	SRR1746779	NA
Algavirales	SRR1746780	NA
Algavirales	SRR1746781	NA
Algavirales	SRR1746782	NA
Algavirales	SRR1746783	NA
Algavirales	SRR1746784	NA
Algavirales	SRR1782685	0
Algavirales	SRR1782686	0
Algavirales	SRR1782687	0
Algavirales	SRR1782688	0
Algavirales	SRR1782689	0
Algavirales	SRR1782690	0
Algavirales	SRR1782691	0
Algavirales	SRR1782692	0
Algavirales	SRR1782693	0
Algavirales	SRR1782694	0
Algavirales	SRR1782695	0
Algavirales	SRR1782696	0
Algavirales	SRR1782697	0
Algavirales	SRR1782698	0
Algavirales	SRR1782699	0
Algavirales	SRR1782700	0
Algavirales	SRR1782701	0
Algavirales	SRR1782702	0
Algavirales	SRR1782703	0
Algavirales	SRR1782704	0
Algavirales	SRR1782705	0
Algavirales	SRR1782706	0
Algavirales	SRR1782707	0
Algavirales	SRR1782708	0
Algavirales	SRR1782709	0
Algavirales	SRR1782710	0
Algavirales	SRR1782711	0
Algavirales	SRR1782712	0
Algavirales	SRR1782713	0
Algavirales	SRR1782714	0
Algavirales	SRR1782715	0
Algavirales	SRR1782716	0
Algavirales	SRR1782717	0
Algavirales	SRR1782718	0
Algavirales	SRR1782719	0
Algavirales	SRR1782720	0
Algavirales	SRR1782721	0
Algavirales	SRR1782722	0
Algavirales	SRR1782723	0
Algavirales	SRR1782724	0
Algavirales	SRR1782725	0
Algavirales	SRR1782726	0
Algavirales	SRR1782727	0
Algavirales	SRR1782728	0
Algavirales	SRR1782729	0
Algavirales	SRR1782730	0
Algavirales	SRR1782731	0
Algavirales	SRR1782732	0
Algavirales	SRR1782733	0
Algavirales	SRR1782734	0
Algavirales	SRR1782735	0
Algavirales	SRR1782736	0
Algavirales	SRR1782737	0
Algavirales	SRR1782738	0
Algavirales	SRR1782739	0
Algavirales	SRR1782740	0
Algavirales	SRR1782741	0
Algavirales	SRR1782742	0
Algavirales	SRR1782743	0
Algavirales	SRR1782744	0
Algavirales	SRR1782745	0
Algavirales	SRR1782746	0
Algavirales	SRR1782747	0
Algavirales	SRR1782748	0
Algavirales	SRR1782749	0
Algavirales	SRR1782750	0
Algavirales	SRR1782751	0
Algavirales	SRR1782752	0
Algavirales	SRR1782753	0
Algavirales	SRR1782754	0
Algavirales	SRR1782755	0
Algavirales	SRR1782756	0
Algavirales	SRR1782757	0
Algavirales	SRR1782758	0
Algavirales	SRR1782759	0
Algavirales	SRR1782760	0
Algavirales	SRR1782761	0
Algavirales	SRR1782762	0
Algavirales	SRR1782763	0
Algavirales	SRR1782764	0
Algavirales	SRR1782765	0
Algavirales	SRR1782766	0
Algavirales	SRR1782767	0
Algavirales	SRR1782768	0
Algavirales	SRR1782769	0
Algavirales	SRR1782770	0
Algavirales	SRR1782771	0
Algavirales	SRR1782772	0
Algavirales	SRR1782773	0
Algavirales	SRR1782774	0
Algavirales	SRR1782775	0
Algavirales	SRR1782776	0
Algavirales	SRR1782777	0
Algavirales	SRR1782778	0
Algavirales	SRR1782779	0
Algavirales	SRR1782780	0
Algavirales	SRR1782781	0
Algavirales	SRR1782782	0
Algavirales	SRR1782783	0
Algavirales	SRR1782784	0
Algavirales	SRR1782785	0
Algavirales	SRR1782786	0
Algavirales	SRR1782787	0
Algavirales	SRR1782788	0
Algavirales	SRR1782789	0
Algavirales	SRR1782790	0
Algavirales	SRR1782791	0
Algavirales	SRR1782792	0
Algavirales	SRR1782793	0
Algavirales	SRR1782794	0
Algavirales	SRR1782795	0
Algavirales	SRR1782796	0
Algavirales	SRR1782797	0
Algavirales	SRR1782798	0
Algavirales	SRR1782799	0
Algavirales	SRR1782800	0
Algavirales	SRR1782801	0
Algavirales	SRR1782802	0
Algavirales	SRR1782803	0
Algavirales	SRR1782804	0
Algavirales	SRR1782805	0
Algavirales	SRR1782806	0
Algavirales	SRR1782807	0
Algavirales	SRR1782808	0
Algavirales	SRR1782809	0
Algavirales	SRR1782810	0
Algavirales	SRR1782811	0
Algavirales	SRR1782812	0
Algavirales	SRR1782813	0
Algavirales	SRR1782814	0
Algavirales	SRR1782815	0
Algavirales	SRR1782816	0
Algavirales	SRR1782817	0
Algavirales	SRR1782818	0
Algavirales	SRR1782819	0
Algavirales	SRR1782820	0
Algavirales	SRR1782821	0
Algavirales	SRR1782822	0
Algavirales	SRR1782823	0
Algavirales	SRR1782824	0
Algavirales	SRR1782825	0
Algavirales	SRR1782826	0
Algavirales	SRR1782827	0
Algavirales	SRR1782828	0
Algavirales	SRR1782829	0
Algavirales	SRR1782830	0
Algavirales	SRR1782831	0
Algavirales	SRR1782832	0
Algavirales	SRR1782833	0
Algavirales	SRR1782834	0
Algavirales	SRR1782835	0
Algavirales	SRR1782836	0
Algavirales	SRR1782837	0
Algavirales	SRR1782838	0
Algavirales	SRR1782839	0
Algavirales	SRR1782840	0
Algavirales	SRR1782841	0
Algavirales	SRR1782842	0
Algavirales	SRR1782843	0
Algavirales	SRR1782844	0
Algavirales	SRR1782845	0
Algavirales	SRR1782846	0
Algavirales	SRR1782847	0
Algavirales	SRR1782848	0
Algavirales	SRR1782849	0
Algavirales	SRR1782850	0
Algavirales	SRR1782851	0
Algavirales	SRR1782852	0
Algavirales	SRR1782853	0
Algavirales	SRR1782854	0
Algavirales	SRR1782855	0
Algavirales	SRR1782856	0
Algavirales	SRR1782857	0
Algavirales	SRR1782858	0
Algavirales	SRR1782859	0
Algavirales	SRR1782860	0
Algavirales	SRR1782861	0
Algavirales	SRR1782862	0
Algavirales	SRR1782863	0
Algavirales	SRR1782864	0
Algavirales	SRR1782865	0
Algavirales	SRR1782866	0
Algavirales	SRR1782867	0
Algavirales	SRR1782868	0
Algavirales	SRR1782869	0
Algavirales	SRR1782870	0
Algavirales	SRR1782871	0
Algavirales	SRR1782872	0
Algavirales	SRR1782873	0
Algavirales	SRR1782874	0
Algavirales	SRR1782875	0
Algavirales	SRR1782876	0
Algavirales	SRR1782877	0
Algavirales	SRR1782878	0
Algavirales	SRR1782879	0
Algavirales	SRR1782880	0
Algavirales	SRR1782881	0
Algavirales	SRR1782882	0
Algavirales	SRR1782883	0
Algavirales	SRR1782884	0
Algavirales	SRR1782885	0
Algavirales	SRR1782886	0
Algavirales	SRR1782887	0
Algavirales	SRR1782888	0
Algavirales	SRR1782889	0
Algavirales	SRR1782890	0
Algavirales	SRR1782891	0
Algavirales	SRR1782892	0
Algavirales	SRR1782893	0
Algavirales	SRR1782894	0
Algavirales	SRR1782895	0
Algavirales	SRR1782896	0
Algavirales	SRR1782897	0
Algavirales	SRR1782898	0
Algavirales	SRR1782899	0
Algavirales	SRR1782900	0
Algavirales	SRR1782901	0
Algavirales	SRR1782902	0
Algavirales	SRR1782903	0
Algavirales	SRR1782904	0
Algavirales	SRR1782905	0
Algavirales	SRR1782906	0
Algavirales	SRR1782907	0
Algavirales	SRR1782908	0
Algavirales	SRR1782909	0
Algavirales	SRR1782910	0
Algavirales	SRR1782911	0
Algavirales	SRR1782912	0
Algavirales	SRR1782913	0
Algavirales	SRR1782914	0
Algavirales	SRR1782915	0
Algavirales	SRR1782916	0
Algavirales	SRR1782917	0
Algavirales	SRR1782918	0
Algavirales	SRR1782919	0
Algavirales	SRR1782920	0
Algavirales	SRR1782921	0
Algavirales	SRR1782922	0
Algavirales	SRR1782923	0
Algavirales	SRR1782924	0
Algavirales	SRR1782925	0
Algavirales	SRR1782926	0
Algavirales	SRR1782927	0
Algavirales	SRR1782928	0
Algavirales	SRR1782929	0
Algavirales	SRR1782930	0
Algavirales	SRR1782931	0
Algavirales	SRR1782932	0
Algavirales	SRR1782933	0
Algavirales	SRR1782934	0
Algavirales	SRR1782935	0
Algavirales	SRR1782936	0
Algavirales	SRR1782937	0
Algavirales	SRR1782938	0
Algavirales	SRR1782939	0
Algavirales	SRR1782940	0
Algavirales	SRR1782941	0
Algavirales	SRR1782942	0
Algavirales	SRR1782943	0
Algavirales	SRR1782944	0
Algavirales	SRR1782945	0
Algavirales	SRR1782946	0
Algavirales	SRR1782947	0
Algavirales	SRR1782948	0
Algavirales	SRR1782949	0
Algavirales	SRR1782950	0
Algavirales	SRR1782951	0
Algavirales	SRR1782952	0
Algavirales	SRR1782953	0
Algavirales	SRR1782954	0
Algavirales	SRR1782955	0
Algavirales	SRR1782956	0
Algavirales	SRR1782957	0
Algavirales	SRR1782958	0
Algavirales	SRR1782959	0
Algavirales	SRR1782960	0
Algavirales	SRR1782961	0
Algavirales	SRR1782962	0
Algavirales	SRR1782963	0
Algavirales	SRR1782964	0
Algavirales	SRR1782965	0
Algavirales	SRR1782966	0
Algavirales	SRR1782967	0
Algavirales	SRR1782968	0
Algavirales	SRR1782969	0
Algavirales	SRR1782970	0
Algavirales	SRR1782971	0
Algavirales	SRR1782972	0
Algavirales	SRR1782973	0
Algavirales	SRR1782974	0
Algavirales	SRR1782975	0
Algavirales	SRR1782976	0
Algavirales	SRR1782977	0
Algavirales	SRR1782978	0
Algavirales	SRR1782979	0
Algavirales	SRR1782980	0
Algavirales	SRR1782981	0
Algavirales	SRR1782982	0
Algavirales	SRR1782983	0
Algavirales	SRR1782984	0
Algavirales	SRR1782985	0
Algavirales	SRR1782986	0
Algavirales	SRR1782987	0
Algavirales	SRR1782988	0
Algavirales	SRR1782989	0
Algavirales	SRR1782990	0
Algavirales	SRR1782991	0
Algavirales	SRR1782992	0
Algavirales	SRR1782993	0
Algavirales	SRR1782994	0
Algavirales	SRR1782995	0
Algavirales	SRR1782996	0
Algavirales	SRR1782997	0
Algavirales	SRR1782998	0
Algavirales	SRR1782999	0
Algavirales	SRR1783000	0
Algavirales	SRR1783001	0
Algavirales	SRR1783002	0
Algavirales	SRR1783003	0
Algavirales	SRR1783004	0
Algavirales	SRR1783005	0
Algavirales	SRR1783006	0
Algavirales	SRR1813867	NA
Algavirales	SRR1813868	NA
Algavirales	SRR1813869	NA
Algavirales	SRR1813870	NA
Algavirales	SRR1813871	NA
Algavirales	SRR1813872	NA
Algavirales	SRR1813873	NA
Algavirales	SRR1813874	NA
Algavirales	SRR1813875	NA
Algavirales	SRR1813876	NA
Algavirales	SRR1813877	NA
Algavirales	SRR1813878	NA
Algavirales	SRR1813879	NA
Algavirales	SRR1813880	NA
Algavirales	SRR1813881	NA
Algavirales	SRR1813882	NA
Algavirales	SRR1813883	NA
Algavirales	SRR1813884	NA
Algavirales	SRR1813885	NA
Algavirales	SRR1813886	NA
Algavirales	SRR1813887	NA
Algavirales	SRR1928188	NA
Algavirales	SRR1928189	NA
Algavirales	SRR1928190	NA
Algavirales	SRR1928191	NA
Algavirales	SRR1928192	NA
Algavirales	SRR1928193	NA
Algavirales	SRR2046996	0
Algavirales	SRR2046997	0
Algavirales	SRR2046998	0
Algavirales	SRR2046999	0
Algavirales	SRR2047000	0
Algavirales	SRR2047001	0
Algavirales	SRR2047002	0
Algavirales	SRR2047003	0
Algavirales	SRR2047004	0
Algavirales	SRR2047005	0
Algavirales	SRR2047006	0
Algavirales	SRR2047007	0
Algavirales	SRR2047008	0
Algavirales	SRR2047009	0
Algavirales	SRR2313973	NA
Algavirales	SRR2313974	NA
Algavirales	SRR2313975	NA
Algavirales	SRR2313976	NA
Algavirales	SRR2313977	NA
Algavirales	SRR2313978	NA
Algavirales	SRR2313979	NA
Algavirales	SRR2313980	NA
Algavirales	SRR2313981	NA
Algavirales	SRR2313982	NA
Algavirales	SRR2313983	NA
Algavirales	SRR2313984	NA
Algavirales	SRR2313985	NA
Algavirales	SRR2313986	NA
Algavirales	SRR2313987	NA
Algavirales	SRR2313988	NA
Algavirales	SRR2313989	NA
Algavirales	SRR2313990	NA
Algavirales	SRR2313991	NA
Algavirales	SRR2313992	NA
Algavirales	SRR2313993	NA
Algavirales	SRR2313994	NA
Algavirales	SRR2313995	NA
Algavirales	SRR2313996	NA
Algavirales	SRR2313997	NA
Algavirales	SRR2313998	NA
Algavirales	SRR2313999	NA
Algavirales	SRR2314000	NA
Algavirales	SRR2314001	NA
Algavirales	SRR2314002	NA
Algavirales	SRR2314003	NA
Algavirales	SRR2314004	NA
Algavirales	SRR2314005	NA
Algavirales	SRR2314006	NA
Algavirales	SRR2314007	NA
Algavirales	SRR2314008	NA
Algavirales	SRR2314009	NA
Algavirales	SRR2314010	NA
Algavirales	SRR2314011	NA
Algavirales	SRR2314012	NA
Algavirales	SRR2314013	NA
Algavirales	SRR2314014	NA
Algavirales	SRR2314015	NA
Algavirales	SRR2314016	NA
Algavirales	SRR2314017	NA
Algavirales	SRR2314018	NA
Algavirales	SRR2314019	NA
Algavirales	SRR2314020	NA
Algavirales	SRR2314021	NA
Algavirales	SRR2314022	NA
Algavirales	SRR2314023	NA
Algavirales	SRR2314024	NA
Algavirales	SRR2314025	NA
Algavirales	SRR2314026	NA
Algavirales	SRR2314027	NA
Algavirales	SRR2314028	NA
Algavirales	SRR2314029	NA
Algavirales	SRR2314030	NA
Algavirales	SRR2314031	NA
Algavirales	SRR2314032	NA
Algavirales	SRR2314033	NA
Algavirales	SRR2314034	NA
Algavirales	SRR2314035	NA
Algavirales	SRR2314036	NA
Algavirales	SRR2314037	NA
Algavirales	SRR2314038	NA
Algavirales	SRR2314039	NA
Algavirales	SRR2314040	NA
Algavirales	SRR2314041	NA
Algavirales	SRR2314042	NA
Algavirales	SRR2314043	NA
Algavirales	SRR2314044	NA
Algavirales	SRR2314045	NA
Algavirales	SRR3493774	0
Algavirales	SRR3493775	0
Algavirales	SRR3493776	0
Algavirales	SRR3493777	0
Algavirales	SRR3493778	0
Algavirales	SRR3493779	0
Algavirales	SRR3493780	0
Algavirales	SRR3493781	0
Algavirales	SRR3493782	0
Algavirales	SRR3493783	0
Algavirales	SRR3493784	0
Algavirales	SRR3493785	0
Algavirales	SRR3493786	0
Algavirales	SRR3493787	0
Algavirales	SRR3493788	0
Algavirales	SRR3493789	0
Algavirales	SRR3493790	0
Algavirales	SRR3493791	0
Algavirales	SRR3493792	0
Algavirales	SRR3493793	0
Algavirales	SRR3493794	0
Algavirales	SRR3493795	0
Algavirales	SRR3493796	0
Algavirales	SRR3493797	0
Algavirales	SRR3493798	0
Algavirales	SRR3493799	0
Algavirales	SRR3493800	0
Algavirales	SRR3493801	1
Algavirales	SRR3493802	0
Algavirales	SRR3493803	0
Algavirales	SRR3493804	0
Algavirales	SRR3493805	0
Algavirales	SRR3493806	0
Algavirales	SRR3493807	2
Algavirales	SRR3493808	0
Algavirales	SRR3493809	0
Algavirales	SRR3493810	0
Algavirales	SRR3493811	0
Algavirales	SRR3493812	0
Algavirales	SRR3493813	0
Algavirales	SRR3493814	0
Algavirales	SRR3493815	0
Algavirales	SRR3493816	0
Algavirales	SRR3493817	0
Algavirales	SRR3493818	0
Algavirales	SRR3493819	1
Algavirales	SRR3493820	0
Algavirales	SRR3493821	0
Algavirales	SRR3493822	0
Algavirales	SRR3493823	0
Algavirales	SRR3493824	0
Algavirales	SRR3493825	0
Algavirales	SRR3493826	0
Algavirales	SRR3493827	0
Algavirales	SRR3493828	0
Algavirales	SRR3493829	0
Algavirales	SRR3493830	0
Algavirales	SRR3493831	0
Algavirales	SRR3493832	0
Algavirales	SRR3493833	0
Algavirales	SRR3493834	0
Algavirales	SRR3493835	2
Algavirales	SRR3493836	0
Algavirales	SRR3493837	0
Algavirales	SRR3493838	0
Algavirales	SRR3493839	0
Algavirales	SRR3493840	0
Algavirales	SRR3493841	1
Algavirales	SRR3493846	0
Algavirales	SRR3493847	0
Algavirales	SRR3493848	0
Algavirales	SRR3493849	4
Algavirales	SRR3493850	0
Algavirales	SRR3714631	0
Algavirales	SRR3714632	0
Algavirales	SRR3714633	0
Algavirales	SRR3714634	0
Algavirales	SRR3714635	0
Algavirales	SRR3714636	0
Algavirales	SRR3714637	0
Algavirales	SRR3714638	0
Algavirales	SRR3714639	0
Algavirales	SRR3714640	0
Algavirales	SRR3714641	0
Algavirales	SRR3714642	0
Algavirales	SRR3714643	0
Algavirales	SRR3714644	0
Algavirales	SRR3714645	0
Algavirales	SRR3714646	0
Algavirales	SRR3714648	0
Algavirales	SRR3714649	0
Algavirales	SRR3714650	0
Algavirales	SRR3714651	0
Algavirales	SRR3714652	0
Algavirales	SRR3714653	0
Algavirales	SRR3714654	0
Algavirales	SRR3714655	0
Algavirales	SRR3714656	0
Algavirales	SRR3714657	0
Algavirales	SRR3714658	0
Algavirales	SRR3714659	0
Algavirales	SRR3714660	0
Algavirales	SRR3714661	0
Algavirales	SRR3714662	0
Algavirales	SRR3714663	0
Algavirales	SRR3714664	0
Algavirales	SRR3714665	0
Algavirales	SRR3714666	0
Algavirales	SRR3714667	0
Algavirales	SRR3714668	0
Algavirales	SRR3714669	0
Algavirales	SRR3714670	0
Algavirales	SRR3714671	0
Algavirales	SRR3714672	0
Algavirales	SRR3714673	0
Algavirales	SRR3714674	0
Algavirales	SRR3714675	0
Algavirales	SRR3714676	0
Algavirales	SRR3714677	1
Algavirales	SRR3714678	0
Algavirales	SRR3714679	0
Algavirales	SRR3714680	0
Algavirales	SRR3714681	0
Algavirales	SRR3714682	0
Algavirales	SRR3714683	0
Algavirales	SRR3714684	0
Algavirales	SRR3714685	0
Algavirales	SRR3714686	0
Algavirales	SRR3714688	0
Algavirales	SRR3714689	0
Algavirales	SRR3714690	0
Algavirales	SRR3714691	0
Algavirales	SRR3714692	0
Algavirales	SRR3714693	1
Algavirales	SRR3714694	0
Algavirales	SRR3714695	0
Algavirales	SRR3714696	0
Algavirales	SRR3714697	0
Algavirales	SRR3714698	0
Algavirales	SRR3714699	0
Algavirales	SRR3714700	0
Algavirales	SRR3714701	0
Algavirales	SRR3714702	0
Algavirales	SRR3714703	0
Algavirales	SRR3714704	0
Algavirales	SRR3714705	0
Algavirales	SRR3714706	0
Algavirales	SRR3714707	0
Algavirales	SRR3714708	0
Algavirales	SRR3714709	0
Algavirales	SRR3714710	0
Algavirales	SRR3714711	0
Algavirales	SRR3714712	0
Algavirales	SRR3714713	0
Algavirales	SRR3714714	0
Algavirales	SRR3714715	0
Algavirales	SRR3714716	0
Algavirales	SRR3714717	0
Algavirales	SRR3714718	0
Algavirales	SRR3714719	0
Algavirales	SRR3714720	0
Algavirales	SRR3714721	0
Algavirales	SRR3714723	0
Algavirales	SRR3714724	0
Algavirales	SRR3714725	0
Algavirales	SRR3714726	0
Algavirales	SRR3714727	0
Algavirales	SRR3714728	0
Algavirales	SRR3714729	0
Algavirales	SRR3714730	0
Algavirales	SRR3714731	0
Algavirales	SRR3714732	0
Algavirales	SRR3714734	0
Algavirales	SRR3714735	0
Algavirales	SRR3714736	0
Algavirales	SRR3714737	0
Algavirales	SRR3714738	0
Algavirales	SRR3714739	0
Algavirales	SRR3714740	0
Algavirales	SRR3714741	0
Algavirales	SRR3714744	0
Algavirales	SRR3714745	0
Algavirales	SRR3714746	0
Algavirales	SRR3714747	0
Algavirales	SRR3714748	0
Algavirales	SRR3714749	0
Algavirales	SRR3714750	0
Algavirales	SRR3714751	0
Algavirales	SRR3714752	0
Algavirales	SRR3714753	0
Algavirales	SRR3714754	0
Algavirales	SRR3714755	0
Algavirales	SRR3714756	0
Algavirales	SRR3714757	0
Algavirales	SRR3714758	0
Algavirales	SRR3714759	0
Algavirales	SRR3714760	0
Algavirales	SRR3714761	0
Algavirales	SRR3714762	0
Algavirales	SRR3714764	0
Algavirales	SRR3714765	0
Algavirales	SRR3714766	0
Algavirales	SRR3714767	0
Algavirales	SRR3714768	0
Algavirales	SRR5176628	0
Algavirales	SRR5176629	0
Algavirales	SRR5176630	0
Algavirales	SRR5176631	0
Algavirales	SRR5176632	0
Algavirales	SRR5176633	0
Algavirales	SRR5176634	0
Algavirales	SRR5176635	0
Algavirales	SRR5176636	0
Algavirales	SRR5176637	0
Algavirales	SRR5176638	0
Algavirales	SRR5176639	0
Algavirales	SRR5176640	0
Algavirales	SRR5176641	0
Algavirales	SRR5176642	0
Algavirales	SRR5176643	0
Algavirales	SRR5176644	0
Algavirales	SRR5176645	0
Algavirales	SRR5176646	0
Algavirales	SRR5176647	0
Algavirales	SRR5176648	0
Algavirales	SRR5176649	0
Algavirales	SRR5176650	0
Algavirales	SRR5176651	0
Algavirales	SRR5176652	0
Algavirales	SRR5176653	0
Algavirales	SRR5176654	0
Algavirales	SRR5176655	0
Algavirales	SRR5176656	0
Algavirales	SRR5176657	0
Algavirales	SRR5176658	0
Algavirales	SRR5176659	0
Algavirales	SRR5176660	0
Algavirales	SRR5176661	0
Algavirales	SRR5176662	0
Algavirales	SRR5176663	0
Algavirales	SRR5176664	0
Algavirales	SRR5176665	0
Algavirales	SRR5176666	0
Algavirales	SRR5176667	0
Algavirales	SRR5176668	0
Algavirales	SRR5176669	0
Algavirales	SRR5176670	0
Algavirales	SRR5176671	0
Algavirales	SRR5176672	0
Algavirales	SRR5176673	0
Algavirales	SRR5176674	0
Algavirales	SRR5176675	0
Algavirales	SRR5176676	0
Algavirales	SRR5176677	0
Algavirales	SRR5176678	0
Algavirales	SRR5176679	0
Algavirales	SRR5176680	0
Algavirales	SRR5176681	0
Algavirales	SRR5176682	0
Algavirales	SRR5176683	0
Algavirales	SRR5176684	0
Algavirales	SRR5176685	0
Algavirales	SRR5176686	0
Algavirales	SRR5176687	0
Algavirales	SRR5176688	0
Algavirales	SRR5176689	0
Algavirales	SRR5176690	0
Algavirales	SRR5176691	0
Algavirales	SRR5176692	0
Algavirales	SRR5176693	0
Algavirales	SRR5176694	0
Algavirales	SRR5176695	0
Algavirales	SRR5176696	0
Algavirales	SRR5176697	0
Algavirales	SRR5176698	0
Algavirales	SRR5176699	0
Algavirales	SRR5176700	0
Algavirales	SRR5176701	0
Algavirales	SRR5176702	0
Algavirales	SRR5176703	0
Algavirales	SRR5176704	0
Algavirales	SRR5176705	0
Algavirales	SRR5176706	0
Algavirales	SRR5176707	0
Algavirales	SRR5176708	0
Algavirales	SRR5176709	0
Algavirales	SRR5176710	0
Algavirales	SRR5176711	0
Algavirales	SRR5176712	0
Algavirales	SRR5176713	0
Algavirales	SRR5176714	0
Algavirales	SRR5176715	0
Algavirales	SRR5176716	0
Algavirales	SRR5176717	0
Algavirales	SRR5176718	0
Algavirales	SRR5176719	0
Algavirales	SRR5176720	0
Algavirales	SRR5176721	0
Algavirales	SRR5176722	0
Algavirales	SRR5176723	0
Algavirales	SRR5176724	0
Algavirales	SRR5176725	0
Algavirales	SRR5176726	0
Algavirales	SRR5176727	0
Algavirales	SRR5176728	0
Algavirales	SRR5176729	0
Algavirales	SRR5176730	0
Algavirales	SRR5176731	0
Algavirales	SRR5176732	0
Algavirales	SRR5176733	0
Algavirales	SRR5176734	0
Algavirales	SRR5176735	0
Algavirales	SRR5176736	0
Algavirales	SRR5176737	0
Algavirales	SRR5176738	0
Algavirales	SRR5176739	0
Algavirales	SRR5176740	0
Algavirales	SRR5176741	0
Algavirales	SRR5176742	0
Algavirales	SRR5176743	0
Algavirales	SRR5176744	0
Algavirales	SRR5176745	0
Algavirales	SRR5176746	0
Algavirales	SRR5176747	0
Algavirales	SRR5176748	0
Algavirales	SRR5176749	0
Algavirales	SRR5176750	0
Algavirales	SRR5176751	0
Algavirales	SRR5176752	0
Algavirales	SRR5176753	0
Algavirales	SRR5176754	0
Algavirales	SRR5176755	0
Algavirales	SRR5176756	0
Algavirales	SRR5176757	0
Algavirales	SRR5176758	0
Algavirales	SRR5176759	0
Algavirales	SRR5176760	0
Algavirales	SRR5176761	0
Algavirales	SRR5176762	0
Algavirales	SRR5176763	0
Algavirales	SRR5176764	0
Algavirales	SRR5176765	0
Algavirales	SRR5176766	0
Algavirales	SRR5176767	0
Algavirales	SRR5176768	0
Algavirales	SRR5176769	0
Algavirales	SRR5176770	0
Algavirales	SRR5176771	0
Algavirales	SRR5176772	0
Algavirales	SRR5176773	0
Algavirales	SRR5176774	0
Algavirales	SRR5176775	0
Algavirales	SRR5176776	0
Algavirales	SRR5176777	0
Algavirales	SRR5176778	0
Algavirales	SRR5176779	0
Algavirales	SRR5176780	0
Algavirales	SRR5176781	0
Algavirales	SRR5176782	0
Algavirales	SRR5176783	0
Algavirales	SRR5176784	0
Algavirales	SRR5176785	0
Algavirales	SRR5176786	0
Algavirales	SRR5176787	0
Algavirales	SRR5176788	0
Algavirales	SRR5176789	0
Algavirales	SRR5176790	0
Algavirales	SRR5176791	0
Algavirales	SRR5176792	0
Algavirales	SRR5176793	0
Algavirales	SRR5176794	0
Algavirales	SRR5176795	0
Algavirales	SRR5176796	0
Algavirales	SRR5176797	0
Algavirales	SRR5176798	0
Algavirales	SRR5176799	0
Algavirales	SRR5176800	0
Algavirales	SRR5176801	0
Algavirales	SRR5176802	0
Algavirales	SRR5176803	0
Algavirales	SRR5176804	0
Algavirales	SRR5176805	0
Algavirales	SRR5176806	0
Algavirales	SRR5176807	0
Algavirales	SRR5176808	0
Algavirales	SRR5176809	0
Algavirales	SRR5176810	0
Algavirales	SRR5176811	0
Algavirales	SRR5176812	0
Algavirales	SRR5176813	0
Algavirales	SRR5176814	0
Algavirales	SRR5176815	0
Algavirales	SRR5176816	0
Algavirales	SRR5176817	0
Algavirales	SRR5176818	0
Algavirales	SRR5176819	0
Algavirales	SRR5176820	0
Algavirales	SRR5176821	0
Algavirales	SRR5176822	0
Algavirales	SRR5176823	0
Algavirales	SRR5176824	0
Algavirales	SRR5176825	0
Algavirales	SRR5176826	0
Algavirales	SRR5176827	0
Algavirales	SRR5176828	0
Algavirales	SRR5176829	0
Algavirales	SRR5176830	0
Algavirales	SRR5176831	0
Algavirales	SRR5176832	0
Algavirales	SRR5176833	0
Algavirales	SRR5176834	0
Algavirales	SRR5176835	0
Algavirales	SRR5176836	0
Algavirales	SRR5176837	0
Algavirales	SRR5176838	0
Algavirales	SRR5176839	0
Algavirales	SRR5176840	0
Algavirales	SRR5176841	0
Algavirales	SRR5176842	0
Algavirales	SRR5176843	0
Algavirales	SRR5176844	0
Algavirales	SRR5176845	0
Algavirales	SRR5176846	0
Algavirales	SRR5176847	0
Algavirales	SRR5176848	0
Algavirales	SRR5176849	0
Algavirales	SRR5176850	0
Algavirales	SRR5176851	0
Algavirales	SRR5176852	0
Algavirales	SRR5176853	0
Algavirales	SRR5176854	0
Algavirales	SRR5176855	0
Algavirales	SRR5176856	0
Algavirales	SRR5176857	0
Algavirales	SRR5176858	0
Algavirales	SRR5176859	0
Algavirales	SRR5176860	0
Algavirales	SRR5176861	0
Algavirales	SRR5176862	0
Algavirales	SRR5176863	0
Algavirales	SRR5176864	0
Algavirales	SRR5176865	0
Algavirales	SRR5176866	0
Algavirales	SRR5176867	0
Algavirales	SRR5176868	0
Algavirales	SRR5176869	0
Algavirales	SRR5176870	0
Algavirales	SRR5176871	0
Algavirales	SRR5176872	0
Algavirales	SRR5861974	NA
Algavirales	SRR5861975	NA
Algavirales	SRR5861976	NA
Algavirales	SRR5861977	NA
Algavirales	SRR5861978	NA
Algavirales	SRR5861979	NA
Algavirales	SRR5861980	NA
Algavirales	SRR5861981	NA
Algavirales	SRR5861982	NA
Algavirales	SRR5861983	NA
Algavirales	SRR5861984	NA
Algavirales	SRR5861985	NA
Algavirales	SRR5861986	NA
Algavirales	SRR5861987	NA
Algavirales	SRR5861988	NA
Algavirales	SRR5861989	NA
Algavirales	SRR5861990	NA
Algavirales	SRR5861991	NA
Algavirales	SRR5861992	NA
Algavirales	SRR5861993	NA
Algavirales	SRR5861994	NA
Algavirales	SRR5861995	NA
Algavirales	SRR5861996	NA
Algavirales	SRR5861997	NA
Algavirales	SRR5861998	NA
Algavirales	SRR5861999	NA
Algavirales	SRR5862000	NA
Algavirales	SRR5862001	NA
Algavirales	SRR5862002	NA
Algavirales	SRR5862003	NA
Algavirales	SRR5862004	NA
Algavirales	SRR5862005	NA
Algavirales	SRR5862006	NA
Algavirales	SRR5862007	NA
Algavirales	SRR5862008	NA
Algavirales	SRR5862009	NA
Algavirales	SRR5862010	NA
Algavirales	SRR5862011	NA
Algavirales	SRR5862012	NA
Algavirales	SRR5862013	NA
Algavirales	SRR5862014	NA
Algavirales	SRR5862015	NA
Algavirales	SRR5862016	NA
Algavirales	SRR5862017	NA
Algavirales	SRR5862018	NA
Algavirales	SRR5862019	NA
Algavirales	SRR5862020	NA
Algavirales	SRR5862021	NA
Algavirales	SRR5862022	NA
Algavirales	SRR5862023	NA
Algavirales	SRR5862024	NA
Algavirales	SRR5862025	NA
Algavirales	SRR5862026	NA
Algavirales	SRR5862027	NA
Algavirales	SRR5862028	NA
Algavirales	SRR5862029	NA
Algavirales	SRR5862030	NA
Algavirales	SRR5862031	NA
Algavirales	SRR5862032	NA
Algavirales	SRR5862033	NA
Algavirales	SRR5862034	NA
Algavirales	SRR5862035	NA
Algavirales	SRR5862036	NA
Algavirales	SRR5862037	NA
Algavirales	SRR5862038	NA
Algavirales	SRR5862039	NA
Algavirales	SRR5862040	NA
Algavirales	SRR5862041	NA
Algavirales	SRR5862042	NA
Algavirales	SRR5862043	NA
Algavirales	SRR5862044	NA
Algavirales	SRR5862045	NA
Algavirales	SRR5862046	NA
Algavirales	SRR5862047	NA
Algavirales	SRR5862048	NA
Algavirales	SRR5862049	NA
Algavirales	SRR5862050	NA
Algavirales	SRR5862051	NA
Algavirales	SRR5862052	NA
Algavirales	SRR5862053	NA
Algavirales	SRR5862054	NA
Algavirales	SRR5862055	NA
Algavirales	SRR5862056	NA
Algavirales	SRR5862057	NA
Algavirales	SRR5862058	NA
Algavirales	SRR5862059	NA
Algavirales	SRR5862060	NA
Algavirales	SRR5862061	NA
Algavirales	SRR5862062	NA
Algavirales	SRR5862063	NA
Algavirales	SRR5862064	NA
Algavirales	SRR5862065	NA
Algavirales	SRR5862066	NA
Algavirales	SRR5862067	NA
Algavirales	SRR5862068	NA
Algavirales	SRR5862069	NA
Algavirales	SRR5862070	NA
Algavirales	SRR5862071	NA
Algavirales	SRR5862072	NA
Algavirales	SRR5862073	NA
Algavirales	SRR5862074	NA
Algavirales	SRR5862075	NA
Algavirales	SRR5862076	NA
Algavirales	SRR5862077	NA
Algavirales	SRR5862078	NA
Algavirales	SRR5862079	NA
Algavirales	SRR5862080	NA
Algavirales	SRR5862081	NA
Algavirales	SRR5862082	NA
Algavirales	SRR5862083	NA
Algavirales	SRR5862084	NA
Algavirales	SRR5862085	NA
Algavirales	SRR5862086	NA
Algavirales	SRR5862087	NA
Algavirales	SRR5862088	NA
Algavirales	SRR5862089	NA
Algavirales	SRR5862090	NA
Algavirales	SRR5862091	NA
Algavirales	SRR5862092	NA
Algavirales	SRR5862093	NA
Algavirales	SRR5862094	NA
Algavirales	SRR5862095	NA
Algavirales	SRR5862096	NA
Algavirales	SRR5862097	NA
Algavirales	SRR5862098	NA
Algavirales	SRR5862099	NA
Algavirales	SRR5862100	NA
Algavirales	SRR5862101	NA
Algavirales	SRR5862102	NA
Algavirales	SRR5862103	NA
Algavirales	SRR5862104	NA
Algavirales	SRR5862105	NA
Algavirales	SRR5862106	NA
Algavirales	SRR5862107	NA
Algavirales	SRR5862108	NA
Algavirales	SRR5862109	NA
Algavirales	SRR5862110	NA
Algavirales	SRR5862111	NA
Algavirales	SRR5862112	NA
Algavirales	SRR5862113	NA
Algavirales	SRR5862114	NA
Algavirales	SRR5862115	NA
Algavirales	SRR5862116	NA
Algavirales	SRR5862117	NA
Algavirales	SRR5862118	NA
Algavirales	SRR5862119	NA
Algavirales	SRR5862120	NA
Algavirales	SRR5862121	NA
Algavirales	SRR5862122	NA
Algavirales	SRR5862123	NA
Algavirales	SRR5862124	NA
Algavirales	SRR5862125	NA
Algavirales	SRR5862126	NA
Algavirales	SRR5862127	NA
Algavirales	SRR5862128	NA
Algavirales	SRR5862129	NA
Algavirales	SRR5862130	NA
Algavirales	SRR5862131	NA
Algavirales	SRR5862132	NA
Algavirales	SRR5862133	NA
Algavirales	SRR5862134	NA
Algavirales	SRR5862135	NA
Algavirales	SRR5862136	NA
Algavirales	SRR5862137	NA
Algavirales	SRR5862138	NA
Algavirales	SRR5862139	NA
Algavirales	SRR5862140	NA
Algavirales	SRR5862141	NA
Algavirales	SRR5862142	NA
Algavirales	SRR5862143	NA
Algavirales	SRR5862144	NA
Algavirales	SRR5862145	NA
Algavirales	SRR5862146	NA
Algavirales	SRR5862147	NA
Algavirales	SRR5862148	NA
Algavirales	SRR5862149	NA
Algavirales	SRR5862150	NA
Algavirales	SRR5862151	NA
Algavirales	SRR5862152	NA
Algavirales	SRR5862153	NA
Algavirales	SRR5862154	NA
Algavirales	SRR5862155	NA
Algavirales	SRR5862156	NA
Algavirales	SRR5862157	NA
Algavirales	SRR5862158	NA
Algavirales	SRR5862159	NA
Algavirales	SRR5862160	NA
Algavirales	SRR5862161	NA
Algavirales	SRR5862162	NA
Algavirales	SRR5862163	NA
Algavirales	SRR5862164	NA
Algavirales	SRR5862165	NA
Algavirales	SRR5862166	NA
Algavirales	SRR5862167	NA
Algavirales	SRR5862168	NA
Algavirales	SRR5862169	NA
Algavirales	SRR5862170	NA
Algavirales	SRR5862171	NA
Algavirales	SRR5862172	NA
Algavirales	SRR5862173	NA
Algavirales	SRR5862174	NA
Algavirales	SRR5862175	NA
Algavirales	SRR5862176	NA
Algavirales	SRR5862177	NA
Algavirales	SRR5862178	NA
Algavirales	SRR5862179	NA
Algavirales	SRR5862180	NA
Algavirales	SRR5862181	NA
Algavirales	SRR5862182	NA
Algavirales	SRR5862183	NA
Algavirales	SRR5862184	NA
Algavirales	SRR5862185	NA
Algavirales	SRR5862186	NA
Algavirales	SRR5862187	NA
Algavirales	SRR5862188	NA
Algavirales	SRR5862189	NA
Algavirales	SRR5862190	NA
Algavirales	SRR5862191	NA
Algavirales	SRR5862192	NA
Algavirales	SRR5862193	NA
Algavirales	SRR5862194	NA
Algavirales	SRR5862195	NA
Algavirales	SRR5862196	NA
Algavirales	SRR5862197	NA
Algavirales	SRR5862198	NA
Algavirales	SRR5862199	NA
Algavirales	SRR5862200	NA
Algavirales	SRR5862201	NA
Algavirales	SRR5862202	NA
Algavirales	SRR5862203	NA
Algavirales	SRR5862204	NA
Algavirales	SRR5862205	NA
Algavirales	SRR5862206	NA
Algavirales	SRR5862207	NA
Algavirales	SRR5862208	NA
Algavirales	SRR5862209	NA
Algavirales	SRR5862210	NA
Algavirales	SRR5862211	NA
Algavirales	SRR5862212	NA
Algavirales	SRR5862213	NA
Algavirales	SRR5862214	NA
Algavirales	SRR5862215	NA
Algavirales	SRR5862216	NA
Algavirales	SRR5862217	NA
Algavirales	SRR5862218	NA
Algavirales	SRR5862219	NA
Algavirales	SRR5862220	NA
Algavirales	SRR5862221	NA
Algavirales	SRR5862222	NA
Algavirales	SRR5862223	NA
Algavirales	SRR5862224	NA
Algavirales	SRR5862225	NA
Algavirales	SRR5862226	NA
Algavirales	SRR5862227	NA
Algavirales	SRR5862228	NA
Algavirales	SRR5862229	NA
Algavirales	SRR5862230	NA
Algavirales	SRR5862231	NA
Algavirales	SRR5862232	NA
Algavirales	SRR5862233	NA
Algavirales	SRR5862234	NA
Algavirales	SRR5862235	NA
Algavirales	SRR5862236	NA
Algavirales	SRR5862237	NA
Algavirales	SRR5862238	NA
Algavirales	SRR5862239	NA
Algavirales	SRR5862240	NA
Algavirales	SRR5862241	NA
Algavirales	SRR5862242	NA
Algavirales	SRR5862243	NA
Algavirales	SRR5862244	NA
Algavirales	SRR5862245	NA
Algavirales	SRR5862246	NA
Algavirales	SRR5862247	NA
Algavirales	SRR5862248	NA
Algavirales	SRR5862249	NA
Algavirales	SRR5862250	NA
Algavirales	SRR5862251	NA
Algavirales	SRR5862252	NA
Algavirales	SRR5862253	NA
Algavirales	SRR5862254	NA
Algavirales	SRR5862255	NA
Algavirales	SRR5862256	NA
Algavirales	SRR5862257	NA
Algavirales	SRR5862258	NA
Algavirales	SRR5862259	NA
Algavirales	SRR5862260	NA
Algavirales	SRR5862261	NA
Algavirales	SRR5862262	NA
Algavirales	SRR5862263	NA
Algavirales	SRR5862264	NA
Algavirales	SRR5862265	NA
Algavirales	SRR5862266	NA
Algavirales	SRR5862267	NA
Algavirales	SRR5862268	NA
Algavirales	SRR5862269	NA
Algavirales	SRR5862270	NA
Algavirales	SRR5862271	NA
Algavirales	SRR5862272	NA
Algavirales	SRR5862273	NA
Algavirales	SRR5862274	NA
Algavirales	SRR5862275	NA
Algavirales	SRR5862276	NA
Algavirales	SRR5862277	NA
Algavirales	SRR5949109	1
Algavirales	SRR5949110	0
Algavirales	SRR5949111	0
Algavirales	SRR5949112	0
Algavirales	SRR5949113	0
Algavirales	SRR5949114	0
Algavirales	SRR5949115	0
Algavirales	SRR5949116	0
Algavirales	SRR5949117	0
Algavirales	SRR5949118	0
Algavirales	SRR5949119	0
Algavirales	SRR5949120	1
Algavirales	SRR5949121	0
Algavirales	SRR5949122	0
Algavirales	SRR5949123	0
Algavirales	SRR5949124	0
Algavirales	SRR5949125	1
Algavirales	SRR5949126	1
Algavirales	SRR5949127	0
Algavirales	SRR5949128	0
Algavirales	SRR5949129	0
Algavirales	SRR5949130	0
Algavirales	SRR5949131	0
Algavirales	SRR5949132	0
Algavirales	SRR5949133	0
Algavirales	SRR5949134	0
Algavirales	SRR5949135	0
Algavirales	SRR5949136	0
Algavirales	SRR5949137	0
Algavirales	SRR5949138	0
Algavirales	SRR5949139	0
Algavirales	SRR5949140	0
Algavirales	SRR5949141	0
Algavirales	SRR5949142	0
Algavirales	SRR5949143	0
Algavirales	SRR5949144	0
Algavirales	SRR5949145	0
Algavirales	SRR5949146	0
Algavirales	SRR5949147	0
Algavirales	SRR5949148	1
Algavirales	SRR5949149	0
Algavirales	SRR5949150	4
Algavirales	SRR5949151	2
Algavirales	SRR5949152	2
Algavirales	SRR5949153	0
Algavirales	SRR5949154	0
Algavirales	SRR5949155	0
Algavirales	SRR5949156	3
Algavirales	SRR5949157	0
Algavirales	SRR5949158	3
Algavirales	SRR5949159	0
Algavirales	SRR5949160	0
Algavirales	SRR5949161	0
Algavirales	SRR5949162	0
Algavirales	SRR5949163	0
Algavirales	SRR5949164	0
Algavirales	SRR5949165	0
Algavirales	SRR5949166	0
Algavirales	SRR5949167	0
Algavirales	SRR5949168	0
Algavirales	SRR5949169	0
Algavirales	SRR5949170	0
Algavirales	SRR5949171	0
Algavirales	SRR5949172	3
Algavirales	SRR5949173	0
Algavirales	SRR5949174	0
Algavirales	SRR5949175	0
Algavirales	SRR5949176	0
Algavirales	SRR5949177	0
Algavirales	SRR5949178	0
Algavirales	SRR5949179	0
Algavirales	SRR5949180	0
Algavirales	SRR5949181	0
Algavirales	SRR5949182	0
Algavirales	SRR5949183	0
Algavirales	SRR5949184	0
Algavirales	SRR5949185	0
Algavirales	SRR5949186	1
Algavirales	SRR5949187	1
Algavirales	SRR5949188	0
Algavirales	SRR5949189	0
Algavirales	SRR5949190	0
Algavirales	SRR5949191	0
Algavirales	SRR5949192	0
Algavirales	SRR5949193	0
Algavirales	SRR5949194	0
Algavirales	SRR5949195	3
Algavirales	SRR5949196	0
Algavirales	SRR5949197	2
Algavirales	SRR5949198	0
Algavirales	SRR5949199	0
Algavirales	SRR5949200	0
Algavirales	SRR5949201	0
Algavirales	SRR5949202	1
Algavirales	SRR5949203	0
Algavirales	SRR5949204	0
Algavirales	SRR5949205	0
Algavirales	SRR5949206	0
Algavirales	SRR5949207	0
Algavirales	SRR5949208	0
Algavirales	SRR5949209	0
Algavirales	SRR5949210	0
Algavirales	SRR5949211	1
Algavirales	SRR5949212	0
Algavirales	SRR5949213	1
Algavirales	SRR5949214	0
Algavirales	SRR5949215	0
Algavirales	SRR5949216	1
Algavirales	SRR5949217	0
Algavirales	SRR5949218	0
Algavirales	SRR5949219	0
Algavirales	SRR5949220	0
Algavirales	SRR5949221	0
Algavirales	SRR5949222	0
Algavirales	SRR5949223	0
Algavirales	SRR5949224	0
Algavirales	SRR5949225	0
Algavirales	SRR5949226	0
Algavirales	SRR5949227	0
Algavirales	SRR5949228	0
Algavirales	SRR5949229	0
Algavirales	SRR5949230	0
Algavirales	SRR5949231	0
Algavirales	SRR5949232	0
Algavirales	SRR5949233	0
Algavirales	SRR5949234	0
Algavirales	SRR5949235	0
Algavirales	SRR5949236	0
Algavirales	SRR5949237	2
Algavirales	SRR5949238	0
Algavirales	SRR5949239	2
Algavirales	SRR5949240	0
Algavirales	SRR5949241	0
Algavirales	SRR5949242	1
Algavirales	SRR5949243	0
Algavirales	SRR5949244	0
Algavirales	SRR5949245	3
Algavirales	SRR5949246	0
Algavirales	SRR5949247	0
Algavirales	SRR5949248	0
Algavirales	SRR5949249	0
Algavirales	SRR5949250	0
Algavirales	SRR5949251	0
Algavirales	SRR5949252	0
Algavirales	SRR5949253	0
Algavirales	SRR5949254	0
Algavirales	SRR5949255	6
Algavirales	SRR5949256	0
Algavirales	SRR5949257	0
Algavirales	SRR5949258	0
Algavirales	SRR5949259	0
Algavirales	SRR5949260	0
Algavirales	SRR5949261	0
Algavirales	SRR5949262	0
Algavirales	SRR5949263	1
Algavirales	SRR5949264	0
Algavirales	SRR5949265	0
Algavirales	SRR5949266	6
Algavirales	SRR5949267	0
Algavirales	SRR5949268	0
Algavirales	SRR5949269	1
Algavirales	SRR5949270	0
Algavirales	SRR5949271	0
Algavirales	SRR5949272	0
Algavirales	SRR5949273	0
Algavirales	SRR5949274	0
Algavirales	SRR5949275	0
Algavirales	SRR5949276	0
Algavirales	SRR5949277	0
Algavirales	SRR5949278	28
Algavirales	SRR5949279	0
Algavirales	SRR5949280	0
Algavirales	SRR5949281	3
Algavirales	SRR5949282	0
Algavirales	SRR5949283	0
Algavirales	SRR5949284	0
Algavirales	SRR5949285	1
Algavirales	SRR5949286	0
Algavirales	SRR5949287	0
Algavirales	SRR5949288	0
Algavirales	SRR5949289	0
Algavirales	SRR5949290	0
Algavirales	SRR5949291	0
Algavirales	SRR5949292	0
Algavirales	SRR5949293	0
Algavirales	SRR5949294	0
Algavirales	SRR5949295	4
Algavirales	SRR5949296	0
Algavirales	SRR5949297	0
Algavirales	SRR5949298	0
Algavirales	SRR5949299	4
Algavirales	SRR5949300	0
Algavirales	SRR5949301	0
Algavirales	SRR5949302	1
Algavirales	SRR5949303	0
Algavirales	SRR5949304	4
Algavirales	SRR5949305	0
Algavirales	SRR5949306	0
Algavirales	SRR5949307	8
Algavirales	SRR5949308	0
Algavirales	SRR5949309	0
Algavirales	SRR5949310	0
Algavirales	SRR5949311	1
Algavirales	SRR5949312	0
Algavirales	SRR5949313	0
Algavirales	SRR5949314	0
Algavirales	SRR5949315	0
Algavirales	SRR5949316	0
Algavirales	SRR5949317	0
Algavirales	SRR5949318	0
Algavirales	SRR5949319	0
Algavirales	SRR5949320	0
Algavirales	SRR5949321	0
Algavirales	SRR5949322	1
Algavirales	SRR5949323	2
Algavirales	SRR5949324	0
Algavirales	SRR5949325	36
Algavirales	SRR5949326	16
Algavirales	SRR5949327	0
Algavirales	SRR5949328	9
Algavirales	SRR5949329	0
Algavirales	SRR5949330	0
Algavirales	SRR5949331	0
Algavirales	SRR5949332	0
Algavirales	SRR5949333	0
Algavirales	SRR5949334	0
Algavirales	SRR5949335	0
Algavirales	SRR5949336	0
Algavirales	SRR5949337	0
Algavirales	SRR5949338	0
Algavirales	SRR5949339	0
Algavirales	SRR5949340	0
Algavirales	SRR5949341	0
Algavirales	SRR5949342	0
Algavirales	SRR5949343	0
Algavirales	SRR5949344	0
Algavirales	SRR5949345	0
Algavirales	SRR5949346	0
Algavirales	SRR5949347	0
Algavirales	SRR5949348	0
Algavirales	SRR5949349	0
Algavirales	SRR5949350	0
Algavirales	SRR5949351	1
Algavirales	SRR5949352	0
Algavirales	SRR5949353	0
Algavirales	SRR5949354	0
Algavirales	SRR5949355	0
Algavirales	SRR5949356	0
Algavirales	SRR5949357	0
Algavirales	SRR5949358	3
Algavirales	SRR5949359	1
Algavirales	SRR5949360	0
Algavirales	SRR5949361	0
Algavirales	SRR5949362	2
Algavirales	SRR5949363	0
Algavirales	SRR5949364	0
Algavirales	SRR5949365	0
Algavirales	SRR5949366	0
Algavirales	SRR5949367	0
Algavirales	SRR5949368	0
Algavirales	SRR5949369	7
Algavirales	SRR5949370	0
Algavirales	SRR5949371	0
Algavirales	SRR5949372	1
Algavirales	SRR5949373	0
Algavirales	SRR5949374	1
Algavirales	SRR5949375	4
Algavirales	SRR5949376	0
Algavirales	SRR5949377	0
Algavirales	SRR5949378	0
Algavirales	SRR5949379	0
Algavirales	SRR5949380	1
Algavirales	SRR5949381	0
Algavirales	SRR5949382	0
Algavirales	SRR5949383	0
Algavirales	SRR5949384	0
Algavirales	SRR5949385	0
Algavirales	SRR5949386	1
Algavirales	SRR5949387	5
Algavirales	SRR5949388	0
Algavirales	SRR5949389	0
Algavirales	SRR5949390	0
Algavirales	SRR5949391	1
Algavirales	SRR5949392	0
Algavirales	SRR5949393	0
Algavirales	SRR5949394	0
Algavirales	SRR5949395	0
Algavirales	SRR5949396	0
Algavirales	SRR5949397	0
Algavirales	SRR5949398	0
Algavirales	SRR5949399	0
Algavirales	SRR5949400	0
Algavirales	SRR5949401	0
Algavirales	SRR5949402	1
Algavirales	SRR5949403	0
Algavirales	SRR5949404	0
Algavirales	SRR5949405	0
Algavirales	SRR5949406	0
Algavirales	SRR5949407	0
Algavirales	SRR5949408	0
Algavirales	SRR5949409	0
Algavirales	SRR5949410	0
Algavirales	SRR5949411	0
Algavirales	SRR5949412	0
Algavirales	SRR5949413	0
Algavirales	SRR5949414	0
Algavirales	SRR5949415	0
Algavirales	SRR5949416	0
Algavirales	SRR5949417	1
Algavirales	SRR5949418	0
Algavirales	SRR5949419	16
Algavirales	SRR5949420	0
Algavirales	SRR5949421	1
Algavirales	SRR5949422	0
Algavirales	SRR5949423	0
Algavirales	SRR5949424	0
Algavirales	SRR5949425	0
Algavirales	SRR5949426	0
Algavirales	SRR5949427	0
Algavirales	SRR5949428	0
Algavirales	SRR5949429	0
Algavirales	SRR5949430	2
Algavirales	SRR5949431	0
Algavirales	SRR5949432	0
Algavirales	SRR5949433	0
Algavirales	SRR5949434	0
Algavirales	SRR5949435	0
Algavirales	SRR5949436	0
Algavirales	SRR5949437	0
Algavirales	SRR5949438	0
Algavirales	SRR5949439	4
Algavirales	SRR5949440	0
Algavirales	SRR5949441	0
Algavirales	SRR5949442	0
Algavirales	SRR5949443	0
Algavirales	SRR5949444	0
Algavirales	SRR5949445	0
Algavirales	SRR5949446	0
Algavirales	SRR5949447	1
Algavirales	SRR5949448	0
Algavirales	SRR5949449	0
Algavirales	SRR5949450	1
Algavirales	SRR5949451	0
Algavirales	SRR5949452	1
Algavirales	SRR5949453	0
Algavirales	SRR5949454	0
Algavirales	SRR5949455	0
Algavirales	SRR5949456	0
Algavirales	SRR5949457	0
Algavirales	SRR5949458	0
Algavirales	SRR5949459	1
Algavirales	SRR5949460	0
Algavirales	SRR5949461	0
Algavirales	SRR5949462	0
Algavirales	SRR5949463	0
Algavirales	SRR5949464	0
Algavirales	SRR5949465	17
Algavirales	SRR5949466	0
Algavirales	SRR5949467	0
Algavirales	SRR5949468	0
Algavirales	SRR5949469	0
Algavirales	SRR5949470	0
Algavirales	SRR5949471	0
Algavirales	SRR5949472	22
Algavirales	SRR5949473	4
Algavirales	SRR5949474	0
Algavirales	SRR5949475	0
Algavirales	SRR5949476	0
Algavirales	SRR5949477	0
Algavirales	SRR5949478	0
Algavirales	SRR5949479	0
Algavirales	SRR5949480	0
Algavirales	SRR5949481	1
Algavirales	SRR5949482	0
Algavirales	SRR5949483	0
Algavirales	SRR5949484	10
Algavirales	SRR5949485	0
Algavirales	SRR5949486	0
Algavirales	SRR5949487	2
Algavirales	SRR5949488	3
Algavirales	SRR5949489	0
Algavirales	SRR5949490	1
Algavirales	SRR5949491	0
Algavirales	SRR5949492	0
Algavirales	SRR5949493	0
Algavirales	SRR5949494	0
Algavirales	SRR5949495	0
Algavirales	SRR5949496	4
Algavirales	SRR5949497	0
Algavirales	SRR5949498	0
Algavirales	SRR5949499	7
Algavirales	SRR5949500	0
Algavirales	SRR5949501	1
Algavirales	SRR5949502	34
Algavirales	SRR5949503	0
Algavirales	SRR5949504	0
Algavirales	SRR5949505	0
Algavirales	SRR5949506	0
Algavirales	SRR5949507	0
Algavirales	SRR5949508	0
Algavirales	SRR5949509	0
Algavirales	SRR5949510	0
Algavirales	SRR5949511	1
Algavirales	SRR5949512	0
Algavirales	SRR5949513	0
Algavirales	SRR5949514	0
Algavirales	SRR5949515	0
Algavirales	SRR5949516	0
Algavirales	SRR5949517	2
Algavirales	SRR5949518	0
Algavirales	SRR5949519	0
Algavirales	SRR5949520	7
Algavirales	SRR5949521	2
Algavirales	SRR5949522	0
Algavirales	SRR5949523	0
Algavirales	SRR5949524	0
Algavirales	SRR5949525	2
Algavirales	SRR5949526	0
Algavirales	SRR5949527	0
Algavirales	SRR5949528	0
Algavirales	SRR5949529	0
Algavirales	SRR5949530	0
Algavirales	SRR5949531	0
Algavirales	SRR5949532	0
Algavirales	SRR5949533	0
Algavirales	SRR5949534	0
Algavirales	SRR5949535	0
Algavirales	SRR5949536	0
Algavirales	SRR5949537	1
Algavirales	SRR5949538	0
Algavirales	SRR5949539	0
Algavirales	SRR5949540	12
Algavirales	SRR5949541	0
Algavirales	SRR5949542	0
Algavirales	SRR5949543	0
Algavirales	SRR5949544	0
Algavirales	SRR5949545	0
Algavirales	SRR5949546	0
Algavirales	SRR5949547	0
Algavirales	SRR5949548	1
Algavirales	SRR5949549	5
Algavirales	SRR5949550	0
Algavirales	SRR5949551	0
Algavirales	SRR5949552	0
Algavirales	SRR5949553	0
Algavirales	SRR5949554	0
Algavirales	SRR5949555	0
Algavirales	SRR5949556	0
Algavirales	SRR5949557	3
Algavirales	SRR5949558	17
Algavirales	SRR5949559	0
Algavirales	SRR5949560	0
Algavirales	SRR5949561	0
Algavirales	SRR5949562	0
Algavirales	SRR5949563	0
Algavirales	SRR5949564	1
Algavirales	SRR5949565	0
Algavirales	SRR5949566	0
Algavirales	SRR5949567	1
Algavirales	SRR5949568	6
Algavirales	SRR5949569	0
Algavirales	SRR5949570	0
Algavirales	SRR5949571	0
Algavirales	SRR5949572	0
Algavirales	SRR5949573	0
Algavirales	SRR5949574	1
Algavirales	SRR5949575	5
Algavirales	SRR5949576	0
Algavirales	SRR5949577	0
Algavirales	SRR5949578	2
Algavirales	SRR5949579	0
Algavirales	SRR5949580	0
Algavirales	SRR5949581	0
Algavirales	SRR5949582	0
Algavirales	SRR5949583	0
Algavirales	SRR5949584	9
Algavirales	SRR5949585	0
Algavirales	SRR5949586	0
Algavirales	SRR5949587	0
Algavirales	SRR5949588	0
Algavirales	SRR5949589	0
Algavirales	SRR5949590	0
Algavirales	SRR5949591	5
Algavirales	SRR5949592	0
Algavirales	SRR5949593	0
Algavirales	SRR5949594	0
Algavirales	SRR5949595	1
Algavirales	SRR5949596	0
Algavirales	SRR5949597	0
Algavirales	SRR5949598	0
Algavirales	SRR5949599	0
Algavirales	SRR5949600	6
Algavirales	SRR5949601	0
Algavirales	SRR5949602	0
Algavirales	SRR5949603	0
Algavirales	SRR5949604	0
Algavirales	SRR5949605	2
Algavirales	SRR5949606	0
Algavirales	SRR5949607	0
Algavirales	SRR5949608	6
Algavirales	SRR5950246	0
Algavirales	SRR5950247	1
Algavirales	SRR5950248	5
Algavirales	SRR5950249	0
Algavirales	SRR5950250	0
Algavirales	SRR5950251	0
Algavirales	SRR5950252	2
Algavirales	SRR5950253	0
Algavirales	SRR5950254	1
Algavirales	SRR5950255	0
Algavirales	SRR5950256	2
Algavirales	SRR5950257	0
Algavirales	SRR5950258	0
Algavirales	SRR5950259	0
Algavirales	SRR5950260	0
Algavirales	SRR5950261	0
Algavirales	SRR5950262	2
Algavirales	SRR5950263	1
Algavirales	SRR5950264	0
Algavirales	SRR5950265	5
Algavirales	SRR5950266	0
Algavirales	SRR5950267	0
Algavirales	SRR5950268	0
Algavirales	SRR5950269	4
Algavirales	SRR5950270	3
Algavirales	SRR5950271	0
Algavirales	SRR5950272	0
Algavirales	SRR5950273	0
Algavirales	SRR5950274	10
Algavirales	SRR5950275	0
Algavirales	SRR5950276	0
Algavirales	SRR5950277	0
Algavirales	SRR5950278	3
Algavirales	SRR5950279	0
Algavirales	SRR5950280	1
Algavirales	SRR5950281	0
Algavirales	SRR5950282	0
Algavirales	SRR5950283	1
Algavirales	SRR5950284	1
Algavirales	SRR5950285	0
Algavirales	SRR5950286	0
Algavirales	SRR5950287	0
Algavirales	SRR5950288	2
Algavirales	SRR5950289	2
Algavirales	SRR5950290	0
Algavirales	SRR5950291	0
Algavirales	SRR5950292	0
Algavirales	SRR5950293	1
Algavirales	SRR5950294	1
Algavirales	SRR5950295	0
Algavirales	SRR5950296	0
Algavirales	SRR5950297	0
Algavirales	SRR5950298	0
Algavirales	SRR5950299	0
Algavirales	SRR5950300	0
Algavirales	SRR5950301	0
Algavirales	SRR5950302	0
Algavirales	SRR5950303	0
Algavirales	SRR5950304	6
Algavirales	SRR5950305	0
Algavirales	SRR5950306	0
Algavirales	SRR5950307	7
Algavirales	SRR5950308	0
Algavirales	SRR5950309	4
Algavirales	SRR5950310	0
Algavirales	SRR5950311	1
Algavirales	SRR5950312	0
Algavirales	SRR5950313	0
Algavirales	SRR5950314	0
Algavirales	SRR5950315	0
Algavirales	SRR5950316	0
Algavirales	SRR5950317	0
Algavirales	SRR5950318	0
Algavirales	SRR5950319	0
Algavirales	SRR5950320	1
Algavirales	SRR5950321	0
Algavirales	SRR5950322	0
Algavirales	SRR5950323	0
Algavirales	SRR5950324	1
Algavirales	SRR5950325	0
Algavirales	SRR5950326	0
Algavirales	SRR5950327	0
Algavirales	SRR5950328	2
Algavirales	SRR5950329	0
Algavirales	SRR5950330	0
Algavirales	SRR5950331	0
Algavirales	SRR5950332	0
Algavirales	SRR5950333	0
Algavirales	SRR5950334	0
Algavirales	SRR5950335	0
Algavirales	SRR5950336	0
Algavirales	SRR5950337	0
Algavirales	SRR5950338	0
Algavirales	SRR5950339	0
Algavirales	SRR5950340	0
Algavirales	SRR5950341	0
Algavirales	SRR5950342	2
Algavirales	SRR5950343	1
Algavirales	SRR5950344	0
Algavirales	SRR5950345	0
Algavirales	SRR5950346	0
Algavirales	SRR5950347	3
Algavirales	SRR5950348	0
Algavirales	SRR5950349	0
Algavirales	SRR5950350	0
Algavirales	SRR5950351	0
Algavirales	SRR5950352	0
Algavirales	SRR5950353	10
Algavirales	SRR5950354	0
Algavirales	SRR5950355	0
Algavirales	SRR5950356	0
Algavirales	SRR5950357	0
Algavirales	SRR5950358	0
Algavirales	SRR5950359	0
Algavirales	SRR5950360	0
Algavirales	SRR5950361	0
Algavirales	SRR5950362	9
Algavirales	SRR5950363	0
Algavirales	SRR5950364	2
Algavirales	SRR5950365	1
Algavirales	SRR5950366	2
Algavirales	SRR5950367	1
Algavirales	SRR5950368	0
Algavirales	SRR5950369	0
Algavirales	SRR5950370	2
Algavirales	SRR5950371	1
Algavirales	SRR5950372	0
Algavirales	SRR5950373	0
Algavirales	SRR5950374	0
Algavirales	SRR5950375	0
Algavirales	SRR5950376	0
Algavirales	SRR5950377	3
Algavirales	SRR5950378	0
Algavirales	SRR5950379	0
Algavirales	SRR5950380	0
Algavirales	SRR5950381	3
Algavirales	SRR5950382	0
Algavirales	SRR5950383	15
Algavirales	SRR5950384	1
Algavirales	SRR5950385	0
Algavirales	SRR5950386	0
Algavirales	SRR5950387	0
Algavirales	SRR5950388	0
Algavirales	SRR5950389	0
Algavirales	SRR5950390	0
Algavirales	SRR5950391	0
Algavirales	SRR5950392	0
Algavirales	SRR5950393	0
Algavirales	SRR5950394	1
Algavirales	SRR5950395	1
Algavirales	SRR5950396	0
Algavirales	SRR5950397	0
Algavirales	SRR5950398	0
Algavirales	SRR5950399	0
Algavirales	SRR5950400	0
Algavirales	SRR5950401	0
Algavirales	SRR5950402	0
Algavirales	SRR5950403	0
Algavirales	SRR5950404	0
Algavirales	SRR5950405	2
Algavirales	SRR5950406	0
Algavirales	SRR5950407	0
Algavirales	SRR5950408	1
Algavirales	SRR5950409	0
Algavirales	SRR5950410	0
Algavirales	SRR5950411	0
Algavirales	SRR5950412	0
Algavirales	SRR5950413	0
Algavirales	SRR5950414	0
Algavirales	SRR5950415	0
Algavirales	SRR5950416	0
Algavirales	SRR5950417	5
Algavirales	SRR5950418	0
Algavirales	SRR5950419	0
Algavirales	SRR5950420	0
Algavirales	SRR5950421	0
Algavirales	SRR5950422	1
Algavirales	SRR5950423	1
Algavirales	SRR5950424	0
Algavirales	SRR5950425	0
Algavirales	SRR5950426	2
Algavirales	SRR5950427	0
Algavirales	SRR5950428	0
Algavirales	SRR5950429	0
Algavirales	SRR5950430	4
Algavirales	SRR5950431	0
Algavirales	SRR5950432	0
Algavirales	SRR5950433	0
Algavirales	SRR5950434	0
Algavirales	SRR5950435	0
Algavirales	SRR5950436	0
Algavirales	SRR5950437	0
Algavirales	SRR5950438	0
Algavirales	SRR5950439	3
Algavirales	SRR5950440	4
Algavirales	SRR5950441	0
Algavirales	SRR5950442	0
Algavirales	SRR5950443	0
Algavirales	SRR5950444	0
Algavirales	SRR5950445	0
Algavirales	SRR5950446	0
Algavirales	SRR5950447	0
Algavirales	SRR5950448	2
Algavirales	SRR5950449	0
Algavirales	SRR5950450	0
Algavirales	SRR5950451	2
Algavirales	SRR5950452	0
Algavirales	SRR5950453	0
Algavirales	SRR5950454	4
Algavirales	SRR5950455	10
Algavirales	SRR5950456	0
Algavirales	SRR5950457	0
Algavirales	SRR5950458	0
Algavirales	SRR5950459	6
Algavirales	SRR5950460	0
Algavirales	SRR5950461	1
Algavirales	SRR5950462	0
Algavirales	SRR5950463	0
Algavirales	SRR5950464	0
Algavirales	SRR5950465	0
Algavirales	SRR5950466	4
Algavirales	SRR5950467	1
Algavirales	SRR5950468	2
Algavirales	SRR5950469	1
Algavirales	SRR5950470	0
Algavirales	SRR5963912	0
Algavirales	SRR5963913	0
Algavirales	SRR5963914	0
Algavirales	SRR5963915	0
Algavirales	SRR5963916	0
Algavirales	SRR5963917	0
Algavirales	SRR5963918	0
Algavirales	SRR5963919	0
Algavirales	SRR5963920	3
Algavirales	SRR5963921	7
Algavirales	SRR5963922	0
Algavirales	SRR5963923	0
Algavirales	SRR5963924	0
Algavirales	SRR5963925	0
Algavirales	SRR5963926	0
Algavirales	SRR5963927	0
Algavirales	SRR5963928	2
Algavirales	SRR5963929	3
Algavirales	SRR5963930	0
Algavirales	SRR5963931	0
Algavirales	SRR5963932	0
Algavirales	SRR5963933	0
Algavirales	SRR5963934	2
Algavirales	SRR5963935	0
Algavirales	SRR5963936	5
Algavirales	SRR5963937	7
Algavirales	SRR5963938	0
Algavirales	SRR5963939	0
Algavirales	SRR5963940	0
Algavirales	SRR5963941	0
Algavirales	SRR5963942	0
Algavirales	SRR5963943	1
Algavirales	SRR5963944	0
Algavirales	SRR5963945	0
Algavirales	SRR5963946	3
Algavirales	SRR5963947	0
Algavirales	SRR5963948	0
Algavirales	SRR6467548	NA
Algavirales	SRR6467549	NA
Algavirales	SRR6467550	NA
Algavirales	SRR6467551	NA
Algavirales	SRR6467552	NA
Algavirales	SRR6467553	NA
Algavirales	SRR6467554	NA
Algavirales	SRR6467555	NA
Algavirales	SRR6467556	NA
Algavirales	SRR6467557	NA
Algavirales	SRR6467558	NA
Algavirales	SRR6467559	NA
Algavirales	SRR6467560	NA
Algavirales	SRR6467561	NA
Algavirales	SRR6467562	NA
Algavirales	SRR6467563	NA
Algavirales	SRR6467564	NA
Algavirales	SRR6467565	NA
Algavirales	SRR6467566	NA
Algavirales	SRR6467567	NA
Algavirales	SRR6467568	NA
Algavirales	SRR6467569	NA
Algavirales	SRR6467570	NA
Algavirales	SRR6467571	NA
Algavirales	SRR6467572	NA
Algavirales	SRR6467573	NA
Algavirales	SRR6467574	NA
Algavirales	SRR6467575	NA
Algavirales	SRR6467576	NA
Algavirales	SRR6467577	NA
Algavirales	SRR6467578	NA
Algavirales	SRR6467579	NA
Algavirales	SRR6467580	NA
Algavirales	SRR6467581	NA
Algavirales	SRR6467582	NA
Algavirales	SRR6467583	NA
Algavirales	SRR6467584	NA
Algavirales	SRR6467585	NA
Algavirales	SRR6467586	NA
Algavirales	SRR6467587	NA
Algavirales	SRR6467588	NA
Algavirales	SRR6467589	NA
Algavirales	SRR6467590	NA
Algavirales	SRR6467591	NA
Algavirales	SRR6467592	NA
Algavirales	SRR6467593	NA
Algavirales	SRR6467594	NA
Algavirales	SRR6467595	NA
Algavirales	SRR6467596	NA
Algavirales	SRR6467597	NA
Algavirales	SRR6467598	NA
Algavirales	SRR6467599	NA
Algavirales	SRR6467600	NA
Algavirales	SRR6467601	NA
Algavirales	SRR6467602	NA
Algavirales	SRR6467603	NA
Algavirales	SRR6467604	NA
Algavirales	SRR6467605	NA
Algavirales	SRR6467606	NA
Algavirales	SRR6467607	NA
Algavirales	SRR6467608	NA
Algavirales	SRR6467609	NA
Algavirales	SRR6467610	NA
Algavirales	SRR6467611	NA
Algavirales	SRR6467612	NA
Algavirales	SRR6467613	NA
Algavirales	SRR6467614	NA
Algavirales	SRR6467615	NA
Algavirales	SRR6467616	NA
Algavirales	SRR6467617	NA
Algavirales	SRR6467618	NA
Algavirales	SRR6467619	NA
Algavirales	SRR6467620	NA
Algavirales	SRR6467621	NA
Algavirales	SRR6467622	NA
Algavirales	SRR6467623	NA
Algavirales	SRR6467624	NA
Algavirales	SRR6467625	NA
Algavirales	SRR6467626	NA
Algavirales	SRR6467627	NA
Algavirales	SRR6467628	NA
Algavirales	SRR6467629	NA
Algavirales	SRR6467630	NA
Algavirales	SRR6467631	NA
Algavirales	SRR6467632	NA
Algavirales	SRR6467633	NA
Algavirales	SRR6467634	NA
Algavirales	SRR6467635	NA
Algavirales	SRR6467636	NA
Algavirales	SRR6467637	NA
Algavirales	SRR6467638	NA
Algavirales	SRR6467639	NA
Algavirales	SRR6467640	NA
Algavirales	SRR6467641	NA
Algavirales	SRR6467642	NA
Algavirales	SRR6467643	NA
Algavirales	SRR6467644	NA
Algavirales	SRR6467645	NA
Algavirales	SRR6467646	NA
Algavirales	SRR6467647	NA
Algavirales	SRR6467648	NA
Algavirales	SRR6467649	NA
Algavirales	SRR6467650	NA
Algavirales	SRR6467651	NA
Algavirales	SRR6467652	NA
Algavirales	SRR6467653	NA
Algavirales	SRR6467654	NA
Algavirales	SRR6467655	NA
Algavirales	SRR6467656	NA
Algavirales	SRR6467657	NA
Algavirales	SRR6467658	NA
Algavirales	SRR6467659	NA
Algavirales	SRR6467660	NA
Algavirales	SRR6467661	NA
Algavirales	SRR6467662	NA
Algavirales	SRR6467663	NA
Algavirales	SRR6467664	NA
Algavirales	SRR6467665	NA
Algavirales	SRR6467666	NA
Algavirales	SRR6467667	NA
Algavirales	SRR6467668	NA
Algavirales	SRR6467669	NA
Algavirales	SRR6467670	NA
Algavirales	SRR6467671	NA
Algavirales	SRR6467672	NA
Algavirales	SRR6467673	NA
Algavirales	SRR6467674	NA
Algavirales	SRR6467675	NA
Algavirales	SRR6467676	NA
Algavirales	SRR6467677	NA
Algavirales	SRR6467678	NA
Algavirales	SRR6467679	NA
Algavirales	SRR6467680	NA
Algavirales	SRR6467681	NA
Algavirales	SRR6467682	NA
Algavirales	SRR6467683	NA
Algavirales	SRR6467684	NA
Algavirales	SRR6467685	NA
Algavirales	SRR6467686	NA
Algavirales	SRR6467687	NA
Algavirales	SRR6467688	NA
Algavirales	SRR6467689	NA
Algavirales	SRR6467690	NA
Algavirales	SRR6467691	NA
Algavirales	SRR6467692	NA
Algavirales	SRR6467693	NA
Algavirales	SRR6467694	NA
Algavirales	SRR6467695	NA
Algavirales	SRR6467696	NA
Algavirales	SRR6467697	NA
Algavirales	SRR6467698	NA
Algavirales	SRR6467699	NA
Algavirales	SRR6467700	NA
Algavirales	SRR6467701	NA
Algavirales	SRR6467702	NA
Algavirales	SRR6467703	NA
Algavirales	SRR6467704	NA
Algavirales	SRR6467705	NA
Algavirales	SRR6467706	NA
Algavirales	SRR6467707	NA
Algavirales	SRR6467708	NA
Algavirales	SRR6467709	NA
Algavirales	SRR6467710	NA
Algavirales	SRR6467711	NA
Algavirales	SRR6467712	NA
Algavirales	SRR6467713	NA
Algavirales	SRR6467714	NA
Algavirales	SRR6467715	NA
Algavirales	SRR6467716	NA
Algavirales	SRR6467717	NA
Algavirales	SRR6467718	NA
Algavirales	SRR6467719	NA
Algavirales	SRR6467720	NA
Algavirales	SRR6467721	NA
Algavirales	SRR6467722	NA
Algavirales	SRR6467723	NA
Algavirales	SRR6467724	NA
Algavirales	SRR6467725	NA
Algavirales	SRR6467726	NA
Algavirales	SRR6467727	NA
Algavirales	SRR6467728	NA
Algavirales	SRR6467729	NA
Algavirales	SRR6467730	NA
Algavirales	SRR6467731	NA
Algavirales	SRR6467732	NA
Algavirales	SRR6467733	NA
Algavirales	SRR6467734	NA
Algavirales	SRR6467735	NA
Algavirales	SRR6467736	NA
Algavirales	SRR6467737	NA
Algavirales	SRR6467738	NA
Algavirales	SRR6467739	NA
Algavirales	SRR6467740	NA
Algavirales	SRR6467741	NA
Algavirales	SRR6467742	NA
Algavirales	SRR6467743	NA
Algavirales	SRR6467744	NA
Algavirales	SRR6467745	NA
Algavirales	SRR6467746	NA
Algavirales	SRR6467747	NA
Algavirales	SRR6467748	NA
Algavirales	SRR6467749	NA
Algavirales	SRR6467750	NA
Algavirales	SRR6467751	NA
Algavirales	SRR6467752	NA
Algavirales	SRR6467753	NA
Algavirales	SRR6467754	NA
Algavirales	SRR6467755	NA
Algavirales	SRR6467756	NA
Algavirales	SRR6467757	NA
Algavirales	SRR6467758	NA
Algavirales	SRR6467759	NA
Algavirales	SRR6467760	NA
Algavirales	SRR6467761	NA
Algavirales	SRR6467762	NA
Algavirales	SRR6467763	NA
Algavirales	SRR6467764	NA
Algavirales	SRR6467765	NA
Algavirales	SRR6467766	NA
Algavirales	SRR6467767	NA
Algavirales	SRR6467768	NA
Algavirales	SRR6467769	NA
Algavirales	SRR6467770	NA
Algavirales	SRR6467771	NA
Algavirales	SRR6467772	NA
Algavirales	SRR6467773	NA
Algavirales	SRR6868540	NA
Algavirales	SRR6868541	NA
Algavirales	SRR6868542	NA
Algavirales	SRR6868543	NA
Algavirales	SRR6868544	NA
Algavirales	SRR6868545	NA
Algavirales	SRR6868546	NA
Algavirales	SRR6868557	NA
Algavirales	SRR6868558	NA
Algavirales	SRR6868559	NA
Algavirales	SRR6868560	NA
Algavirales	SRR6868569	NA
Algavirales	SRR6868570	NA
Algavirales	SRR6868571	NA
Algavirales	SRR6868572	NA
Algavirales	SRR6868573	NA
Algavirales	SRR6868574	NA
Algavirales	SRR6868575	NA
Algavirales	SRR6868576	NA
Algavirales	SRR6868577	NA
Algavirales	SRR6868578	NA
Algavirales	SRR6868579	NA
Algavirales	SRR6868580	NA
Algavirales	SRR6868581	NA
Algavirales	SRR6868582	NA
Algavirales	SRR6868585	NA
Algavirales	SRR6868586	NA
Algavirales	SRR6868587	NA
Algavirales	SRR6868588	NA
Algavirales	SRR6868589	NA
Algavirales	SRR6868590	NA
Algavirales	SRR6868591	NA
Algavirales	SRR6868604	NA
Algavirales	SRR6868605	NA
Algavirales	SRR6868606	NA
Algavirales	SRR6868607	NA
Algavirales	SRR6868608	NA
Algavirales	SRR6868609	NA
Algavirales	SRR6868610	NA
Algavirales	SRR6868620	NA
Algavirales	SRR6868621	NA
Algavirales	SRR6868622	NA
Algavirales	SRR6868623	NA
Algavirales	SRR6868636	NA
Algavirales	SRR6868637	NA
Algavirales	SRR6868638	NA
Algavirales	SRR6868639	NA
Algavirales	SRR6868650	NA
Algavirales	SRR6868651	NA
Algavirales	SRR6868652	NA
Algavirales	SRR6868653	NA
Algavirales	SRR6868654	NA
Algavirales	SRR6868655	NA
Algavirales	SRR6868665	NA
Algavirales	SRR6868666	NA
Algavirales	SRR6868667	NA
Algavirales	SRR6868668	NA
Algavirales	SRR6868669	NA
Algavirales	SRR6868670	NA
Algavirales	SRR6868671	NA
Algavirales	SRR6868683	NA
Algavirales	SRR6868684	NA
Algavirales	SRR6868685	NA
Algavirales	SRR6868686	NA
Algavirales	SRR6868687	NA
Algavirales	SRR6868688	NA
Algavirales	SRR6868689	NA
Algavirales	SRR6868698	NA
Algavirales	SRR6868699	NA
Algavirales	SRR6868700	NA
Algavirales	SRR6868701	NA
Algavirales	SRR6868702	NA
Algavirales	SRR6868713	NA
Algavirales	SRR6868714	NA
Algavirales	SRR6868715	NA
Algavirales	SRR6868716	NA
Algavirales	SRR6868717	NA
Algavirales	SRR6868718	NA
Algavirales	SRR6868719	NA
Algavirales	SRR6868720	NA
Algavirales	SRR6868721	NA
Algavirales	SRR6868722	NA
Algavirales	SRR6868723	NA
Algavirales	SRR6868724	NA
Algavirales	SRR6868725	NA
Algavirales	SRR6868726	NA
Algavirales	SRR6868741	NA
Algavirales	SRR7632756	NA
Algavirales	SRR7632757	NA
Algavirales	SRR7632758	NA
Algavirales	SRR7632759	NA
Algavirales	SRR7632760	NA
Algavirales	SRR7632761	NA
Algavirales	SRR7632762	NA
Algavirales	SRR7632763	NA
Algavirales	SRR7632764	NA
Algavirales	SRR7632765	NA
Algavirales	SRR7632766	NA
Algavirales	SRR7632767	NA
Algavirales	SRR7632768	NA
Algavirales	SRR7632769	NA
Algavirales	SRR7632770	NA
Algavirales	SRR7632771	NA
Algavirales	SRR7632772	NA
Algavirales	SRR7632773	NA
Algavirales	SRR7632774	NA
Algavirales	SRR7632775	NA
Algavirales	SRR7632776	NA
Algavirales	SRR7632777	NA
Algavirales	SRR7632778	NA
Algavirales	SRR7632779	NA
Algavirales	SRR7632780	NA
Algavirales	SRR7632781	NA
Algavirales	SRR7632782	NA
Algavirales	SRR7632783	NA
Algavirales	SRR7632784	NA
Algavirales	SRR7632785	NA
Algavirales	SRR7632786	NA
Algavirales	SRR7632787	NA
Algavirales	SRR7632788	NA
Algavirales	SRR7632789	NA
Algavirales	SRR7632790	NA
Algavirales	SRR7632791	NA
Algavirales	SRR7632792	NA
Algavirales	SRR7632793	NA
Algavirales	SRR7632794	NA
Algavirales	SRR7632795	NA
Algavirales	SRR7632796	NA
Algavirales	SRR7632797	NA
Algavirales	SRR7632798	NA
Algavirales	SRR7632799	NA
Algavirales	SRR7632800	NA
Algavirales	SRR7632801	NA
Algavirales	SRR7632802	NA
Algavirales	SRR7632803	NA
Algavirales	SRR7632804	NA
Algavirales	SRR7632805	NA
Algavirales	SRR7632806	NA
Algavirales	SRR7632807	NA
Algavirales	SRR7632808	NA
Algavirales	SRR7632809	NA
Algavirales	SRR7632810	NA
Algavirales	SRR7632811	NA
Algavirales	SRR7632812	NA
Algavirales	SRR7632813	NA
Algavirales	SRR7632814	NA
Algavirales	SRR7632815	NA
Algavirales	SRR7632816	NA
Algavirales	SRR7632817	NA
Algavirales	SRR7632818	NA
Algavirales	SRR7632819	NA
Algavirales	SRR7632820	NA
Algavirales	SRR7632821	NA
Algavirales	SRR7632822	NA
Algavirales	SRR7632823	NA
Algavirales	SRR7632824	NA
Algavirales	SRR7632825	NA
Algavirales	SRR7632826	NA
Algavirales	SRR7632827	NA
Algavirales	SRR7632828	NA
Algavirales	SRR7632829	NA
Algavirales	SRR7632830	NA
Algavirales	SRR7632831	NA
Algavirales	SRR7632832	NA
Algavirales	SRR7632833	NA
Algavirales	SRR7632834	NA
Algavirales	SRR7632835	NA
Algavirales	SRR7632836	NA
Algavirales	SRR7632837	NA
Algavirales	SRR7632838	NA
Algavirales	SRR7632839	NA
Algavirales	SRR7632840	NA
Algavirales	SRR7632841	NA
Algavirales	SRR7632842	NA
Algavirales	SRR7632843	NA
Algavirales	SRR7632844	NA
Algavirales	SRR7632845	NA
Algavirales	SRR7632846	NA
Algavirales	SRR7632847	NA
Algavirales	SRR7632848	NA
Algavirales	SRR7632849	NA
Algavirales	SRR7632850	NA
Algavirales	SRR7632851	NA
Algavirales	SRR7632852	NA
Algavirales	SRR7632853	NA
Algavirales	SRR7632854	NA
Algavirales	SRR7632855	NA
Algavirales	SRR7632856	NA
Algavirales	SRR7632857	NA
Algavirales	SRR7632858	NA
Algavirales	SRR7632859	NA
Algavirales	SRR7632860	NA
Algavirales	SRR7632861	NA
Algavirales	SRR7632862	NA
Algavirales	SRR7632863	NA
Algavirales	SRR7632864	NA
Algavirales	SRR7632865	NA
Algavirales	SRR7632866	NA
Algavirales	SRR7632867	NA
Algavirales	SRR7632868	NA
Algavirales	SRR7632869	NA
Algavirales	SRR7632870	NA
Algavirales	SRR7632871	NA
Algavirales	SRR7632872	NA
Algavirales	SRR7632873	NA
Algavirales	SRR7632874	NA
Algavirales	SRR7632875	NA
Algavirales	SRR7632876	NA
Algavirales	SRR7632877	NA
Algavirales	SRR7632878	NA
Algavirales	SRR7632879	NA
Algavirales	SRR7632880	NA
Algavirales	SRR7632881	NA
Algavirales	SRR7632882	NA
Algavirales	SRR7632883	NA
Algavirales	SRR7632884	NA
Algavirales	SRR7632885	NA
Algavirales	SRR7632886	NA
Algavirales	SRR7632887	NA
Algavirales	SRR7632888	NA
Algavirales	SRR7632889	NA
Algavirales	SRR7632890	NA
Algavirales	SRR7632891	NA
Algavirales	SRR7632892	NA
Algavirales	SRR7632893	NA
Algavirales	SRR7632894	NA
Algavirales	SRR7632895	NA
Algavirales	SRR7632896	NA
Algavirales	SRR7632897	NA
Algavirales	SRR7632898	NA
Algavirales	SRR7632899	NA
Algavirales	SRR7632900	NA
Algavirales	SRR7632901	NA
Algavirales	SRR7632902	NA
Algavirales	SRR7632903	NA
Algavirales	SRR7632904	NA
Algavirales	SRR7632905	NA
Algavirales	SRR7632906	NA
Algavirales	SRR7632907	NA
Algavirales	SRR7632908	NA
Algavirales	SRR7632909	NA
Algavirales	SRR7632910	NA
Algavirales	SRR7632911	NA
Algavirales	SRR7632912	NA
Algavirales	SRR7632913	NA
Algavirales	SRR7632914	NA
Algavirales	SRR7632915	NA
Algavirales	SRR7632916	NA
Algavirales	SRR7632917	NA
Algavirales	SRR7632918	NA
Algavirales	SRR7632919	NA
Algavirales	SRR7632920	NA
Algavirales	SRR7632921	NA
Algavirales	SRR7632922	NA
Algavirales	SRR7632923	NA
Algavirales	SRR7632924	NA
Algavirales	SRR7632925	NA
Algavirales	SRR7632926	NA
Algavirales	SRR7632927	NA
Algavirales	SRR7632928	NA
Algavirales	SRR7632929	NA
Algavirales	SRR7632930	NA
Algavirales	SRR7632931	NA
Algavirales	SRR7632932	NA
Algavirales	SRR7632933	NA
Algavirales	SRR7632934	NA
Algavirales	SRR7632935	NA
Algavirales	SRR7632936	NA
Algavirales	SRR7632937	NA
Algavirales	SRR7632938	NA
Algavirales	SRR7632939	NA
Algavirales	SRR7632940	NA
Algavirales	SRR7632941	NA
Algavirales	SRR7632942	NA
Algavirales	SRR7632943	NA
Algavirales	SRR7632944	NA
Algavirales	SRR7632945	NA
Algavirales	SRR8928966	NA
Algavirales	SRR8928967	NA
Algavirales	SRR8928968	NA
Algavirales	SRR8928969	NA
Algavirales	SRR8928970	NA
Algavirales	SRR8928971	NA
Algavirales	SRR8928972	NA
Algavirales	SRR8928973	NA
Algavirales	SRR8928974	NA
Algavirales	SRR8928975	NA
Algavirales	SRR8928976	NA
Algavirales	SRR8928977	NA
Algavirales	SRR8928978	NA
Algavirales	SRR8928979	NA
Algavirales	SRR8928980	NA
Algavirales	SRR8928981	NA
Algavirales	SRR8928982	NA
Algavirales	SRR8928983	NA
Algavirales	SRR8928984	NA
Algavirales	SRR8928985	NA
Algavirales	SRR8928986	NA
Algavirales	SRR8928987	NA
Algavirales	SRR8928988	NA
Algavirales	SRR8928989	NA
Algavirales	SRR8928990	NA
Algavirales	SRR8928991	NA
Algavirales	SRR9835604	NA
Algavirales	SRR9835605	NA
Algavirales	SRR9835606	NA
Algavirales	SRR9835607	NA
Algavirales	SRR9835608	NA
Algavirales	SRR9835609	NA
Algavirales	SRR9835610	NA
Algavirales	SRR9835611	NA
Algavirales	SRR9835612	NA
Algavirales	SRR9835613	NA
Algavirales	SRR9835614	NA
Algavirales	SRR9835615	NA
Algavirales	SRR9835616	NA
Algavirales	SRR9835617	NA
Algavirales	SRR9835618	NA
Algavirales	SRR9835619	NA
Algavirales	SRR9835620	NA
Algavirales	SRR9835621	NA
Algavirales	SRR9835622	NA
Algavirales	SRR9835623	NA
Algavirales	SRR9835624	NA
Algavirales	SRR9835625	NA
Algavirales	SRR9835626	NA
Algavirales	SRR9835627	NA
Algavirales	SRR9835628	NA
Algavirales	SRR9835629	NA
Algavirales	SRR9835630	NA
Algavirales	SRR9835631	NA
Algavirales	SRR9835632	NA
Algavirales	SRR9835633	NA
Algavirales	SRR9835634	NA
Algavirales	SRR9835635	NA
Algavirales	SRR9835636	NA
Algavirales	SRR9835637	NA
Algavirales	SRR9835638	NA
Algavirales	SRR9835639	NA
Algavirales	SRR9835640	NA
Algavirales	SRR9835641	NA
Algavirales	SRR9835642	NA
Algavirales	SRR9835643	NA
Algavirales	SRR9835644	NA
Algavirales	SRR9835645	NA
Algavirales	SRR9835646	NA
Algavirales	SRR9835647	NA
Algavirales	SRR9835648	NA
Algavirales	SRR9835649	NA
Algavirales	SRR9835650	NA
Algavirales	SRR9835651	NA
Algavirales	SRR9835652	NA
Algavirales	SRR9835653	NA
Algavirales	SRR9835654	NA
Algavirales	SRR9835655	NA
Algavirales	SRR9835656	NA
Algavirales	SRR9835657	NA
Algavirales	SRR9835658	NA
Algavirales	SRR9835659	NA
Algavirales	SRR9835660	NA
Algavirales	SRR9835661	NA
Algavirales	SRR9835662	NA
Algavirales	SRR9835663	NA
Algavirales	SRR9835664	NA
Algavirales	SRR9835665	NA
Algavirales	SRR9835666	NA
Algavirales	SRR9835667	NA
Algavirales	SRR9835668	NA
Algavirales	SRR9835669	NA
Algavirales	SRR9835670	NA
Algavirales	SRR9835671	NA
Algavirales	SRR9835672	NA
Algavirales	SRR9835673	NA
Algavirales	SRR9835674	NA
Algavirales	SRR9835675	NA
Algavirales	SRR9835676	NA
Algavirales	SRR9835677	NA
Algavirales	SRR9835678	NA
Algavirales	SRR9835679	NA
Algavirales	SRR9835680	NA
Algavirales	SRR9835681	NA
Algavirales	SRR9835682	NA
Algavirales	SRR9835683	NA
Algavirales	SRR9835684	NA
Algavirales	SRR9835685	NA
Algavirales	SRR9835686	NA
Algavirales	SRR9835687	NA
Algavirales	SRR9835688	NA
Algavirales	SRR9835689	NA
Algavirales	SRR9835690	NA
Algavirales	SRR9835691	NA
Algavirales	SRR9835692	NA
Algavirales	SRR9835693	NA
Algavirales	SRR9835694	NA
Algavirales	SRR9835695	NA
Algavirales	SRR9835696	NA
Algavirales	SRR9835697	NA
Algavirales	SRR9835698	NA
Algavirales	SRR9835699	NA
Algavirales	SRR9835700	NA
Algavirales	SRR9835701	NA
Algavirales	SRR9835702	NA
Algavirales	SRR9835703	NA
Algavirales	SRR9835704	NA
Algavirales	SRR9835705	NA
Algavirales	SRR9835706	NA
Algavirales	SRR9835707	NA
Algavirales	SRR9835708	NA
Algavirales	SRR9835709	NA
Algavirales	SRR9835710	NA
Algavirales	SRR9835711	NA
Algavirales	SRR9835712	NA
Algavirales	SRR9835713	NA
Algavirales	SRR9835714	NA
Algavirales	SRR9835715	NA
Algavirales	SRR9835716	NA
Algavirales	SRR9835717	NA
Algavirales	SRR9835718	NA
Algavirales	SRR9835719	NA
Algavirales	SRR9835720	NA
Algavirales	SRR9835721	NA
Algavirales	SRR9835722	NA
Algavirales	SRR9835723	NA
Algavirales	SRR9835724	NA
Algavirales	SRR9835725	NA
Algavirales	SRR9835726	NA
Algavirales	SRR9835727	NA
Algavirales	SRR9835728	NA
Algavirales	SRR9835729	NA
Algavirales	SRR9835730	NA
Algavirales	SRR9835731	NA
Algavirales	SRR9835732	NA
Algavirales	SRR9835733	NA
Algavirales	SRR9835734	NA
Algavirales	SRR9835735	NA
Algavirales	SRR9835736	NA
Algavirales	SRR9835737	NA
Algavirales	SRR9835738	NA
Algavirales	SRR9835739	NA
Algavirales	SRR9835740	NA
Algavirales	SRR9835741	NA
Algavirales	SRR9835742	NA
Algavirales	SRR9835743	NA
Algavirales	SRR9835744	NA
Algavirales	SRR9835745	NA
Algavirales	SRR9835746	NA
Algavirales	SRR9835747	NA
Algavirales	SRR9835748	NA
Algavirales	SRR9835749	NA
Algavirales	SRR9835750	NA
Algavirales	SRR9835751	NA
Algavirales	SRR9835752	NA
Algavirales	SRR9835753	NA
Algavirales	SRR9835754	NA
Algavirales	SRR9835755	NA
Algavirales	SRR9835756	NA
Algavirales	SRR9835757	NA
Algavirales	SRR9835758	NA
Algavirales	SRR9835759	NA
Algavirales	SRR9835760	NA
Algavirales	SRR9835761	NA
Algavirales	SRR9835762	NA
Algavirales	SRR9835763	NA
Algavirales	SRR9835764	NA
Algavirales	SRR9835765	NA
Algavirales	SRR9835766	NA
Algavirales	SRR9835767	NA
Algavirales	SRR9835768	NA
Algavirales	SRR9835769	NA
Algavirales	SRR9835770	NA
Algavirales	SRR9835771	NA
Algavirales	SRR9835772	NA
Algavirales	SRR9835773	NA
Algavirales	SRR9835774	NA
Algavirales	SRR9835775	NA
Algavirales	SRR9835776	NA
Algavirales	SRR9835777	NA
Algavirales	SRR9835778	NA
Algavirales	SRR9835779	NA
Algavirales	SRR9835780	NA
Algavirales	SRR9835781	NA
Algavirales	SRR9835782	NA
Algavirales	SRR9835783	NA
Algavirales	SRR9835784	NA
Algavirales	SRR9835785	NA
Algavirales	SRR9835786	NA
Algavirales	SRR9835787	NA
Algavirales	SRR9835788	NA
Algavirales	SRR9835789	NA
Algavirales	SRR9835790	NA
Algavirales	SRR9835791	NA
Algavirales	SRR9835792	NA
Algavirales	SRR9835793	NA
Algavirales	SRR9835794	NA
Algavirales	SRR9835795	NA
Algavirales	SRR9835796	NA
Algavirales	SRR9835797	NA
Algavirales	SRR9835798	NA
Algavirales	SRR9835799	NA
Algavirales	SRR9835800	NA
Algavirales	SRR9835801	NA
Algavirales	SRR9835802	NA
Algavirales	SRR9867812	7
Algavirales	SRR9867813	10
Algavirales	SRR9867814	1
Algavirales	SRR9867815	3
Algavirales	SRR9867816	10
Algavirales	SRR9867817	0
Algavirales	SRR9867818	2
Algavirales	SRR9867819	0
Algavirales	SRR9867820	6
Algavirales	SRR9867821	6
Algavirales	SRR9867822	1
Algavirales	SRR9867823	5
Algavirales	SRR9867824	19
Algavirales	SRR9867825	2
Algavirales	SRR9867826	5
Algavirales	SRR9867827	2
Algavirales	SRR9867828	2
Algavirales	SRR9867829	18
Algavirales	SRR9867830	5
Algavirales	SRR9867831	6
Algavirales	SRR9879292	NA
Algavirales	SRR9879293	NA
Algavirales	SRR9879294	NA
Algavirales	SRR9879295	NA
Algavirales	SRR9879296	NA
Algavirales	SRR9879297	NA
Algavirales	SRR9879298	NA
Algavirales	SRR9879299	NA
Algavirales	SRR9879300	NA
Algavirales	SRR9879301	NA
Algavirales	SRR9879302	NA
Algavirales	SRR9879303	NA
Algavirales	SRR9879304	NA
Algavirales	SRR9879305	NA
Algavirales	SRR9879306	NA
Algavirales	SRR9879307	NA
Algavirales	SRR9879308	NA
Algavirales	SRR9879309	NA
Algavirales	T50_307	0
Algavirales	T50_313	1
Algavirales	T50_317	0
Algavirales	T50_324	2
Algavirales	T50_427	0
Algavirales	T50_428	2
Algavirales	T50_431	0
Algavirales	T50_436	0
Algavirales	T50_476	3
Algavirales	UN_307	0
Algavirales	UN_313	1
Algavirales	UN_317	2
Algavirales	UN_323	0
Algavirales	UN_324	0
Algavirales	UN_427	1
Algavirales	UN_428	1
Algavirales	UN_431	2
Algavirales	UN_436	0
Algavirales	UN_476	0
