Species	sample	counts
Moumouvirus	CM317	0
Moumouvirus	CMCD140	0
Moumouvirus	CMCD147	0
Moumouvirus	CMCD152	0
Moumouvirus	CMCD154	0
Moumouvirus	CMCD159	0
Moumouvirus	CMCD161	0
Moumouvirus	CMCD174	0
Moumouvirus	CMCD196	0
Moumouvirus	CMCD198	0
Moumouvirus	CMCD203	0
Moumouvirus	CMCD211	0
Moumouvirus	CMCD227	0
Moumouvirus	CMCD240	0
Moumouvirus	CMCD259	0
Moumouvirus	CMCD270	0
Moumouvirus	CMCD275	0
Moumouvirus	CMCD282	0
Moumouvirus	CMCD286	0
Moumouvirus	CMCD287	0
Moumouvirus	CMCD294	0
Moumouvirus	CMCD327	0
Moumouvirus	CMCD335	0
Moumouvirus	CMCD337	0
Moumouvirus	CMCD357	0
Moumouvirus	CMCD398	0
Moumouvirus	CMCD403	0
Moumouvirus	CMCD422	0
Moumouvirus	CMCD426	0
Moumouvirus	CMCD71	0
Moumouvirus	CMCD72	0
Moumouvirus	CMCD76	0
Moumouvirus	CMCD88	0
Moumouvirus	CMSA256	0
Moumouvirus	CMSA316	0
Moumouvirus	CMUC110	0
Moumouvirus	CMUC192	0
Moumouvirus	CMUC199	0
Moumouvirus	CMUC200	0
Moumouvirus	CMUC208	0
Moumouvirus	CMUC231	0
Moumouvirus	CMUC234	0
Moumouvirus	CMUC285	0
Moumouvirus	CMUC291	0
Moumouvirus	CMUC295	0
Moumouvirus	CMUC299	0
Moumouvirus	CMUC301	0
Moumouvirus	CMUC307	0
Moumouvirus	CMUC313	0
Moumouvirus	CMUC314	0
Moumouvirus	CMUC323	0
Moumouvirus	CMUC324	0
Moumouvirus	CMUC331	0
Moumouvirus	CMUC333	0
Moumouvirus	CMUC334	0
Moumouvirus	CMUC346	0
Moumouvirus	CMUC352	0
Moumouvirus	CMUC360	0
Moumouvirus	CMUC363	0
Moumouvirus	CMUC365	0
Moumouvirus	CMUC366	0
Moumouvirus	CMUC368	0
Moumouvirus	CMUC377	0
Moumouvirus	CMUC379	0
Moumouvirus	CMUC380	0
Moumouvirus	CMUC383	0
Moumouvirus	CMUC394	0
Moumouvirus	CMUC419	0
Moumouvirus	CMUC427	0
Moumouvirus	CMUC428	0
Moumouvirus	CMUC431	0
Moumouvirus	CMUC435	0
Moumouvirus	CMUC439	0
Moumouvirus	CMUC89	0
Moumouvirus	CS219	0
Moumouvirus	CS256	0
Moumouvirus	CS257	0
Moumouvirus	CS259	0
Moumouvirus	CS261	0
Moumouvirus	CS266	0
Moumouvirus	CS270	0
Moumouvirus	CS277	0
Moumouvirus	CS288	0
Moumouvirus	CS290	0
Moumouvirus	CS292	0
Moumouvirus	CS293	0
Moumouvirus	CS301	0
Moumouvirus	CS306	0
Moumouvirus	CS308	0
Moumouvirus	CS315	0
Moumouvirus	CS317	0
Moumouvirus	CS322	0
Moumouvirus	CS327	0
Moumouvirus	CS328	0
Moumouvirus	CS330	0
Moumouvirus	CS331	0
Moumouvirus	CS335	0
Moumouvirus	CS338	0
Moumouvirus	CS339	0
Moumouvirus	CS343	0
Moumouvirus	CS344	0
Moumouvirus	CS350	0
Moumouvirus	CS351	0
Moumouvirus	CS361	0
Moumouvirus	CS388	0
Moumouvirus	CS396	0
Moumouvirus	CS405	0
Moumouvirus	CS415	0
Moumouvirus	CS424	0
Moumouvirus	IM293	0
Moumouvirus	IM296	0
Moumouvirus	IM297	0
Moumouvirus	IM300	0
Moumouvirus	IM305	0
Moumouvirus	IM309	0
Moumouvirus	IM310	0
Moumouvirus	IM311	0
Moumouvirus	IM316	0
Moumouvirus	IM320	0
Moumouvirus	IM330	0
Moumouvirus	IM332	0
Moumouvirus	IM340	0
Moumouvirus	IM348	0
Moumouvirus	IM354	0
Moumouvirus	IM356	0
Moumouvirus	IM364	0
Moumouvirus	IM372	0
Moumouvirus	IM374	0
Moumouvirus	IM376	0
Moumouvirus	IM381	0
Moumouvirus	IM382	0
Moumouvirus	IM385	0
Moumouvirus	IM390	0
Moumouvirus	IM397	0
Moumouvirus	IM404	0
Moumouvirus	IM409	0
Moumouvirus	IM412	0
Moumouvirus	IM421	0
Moumouvirus	IM425	0
Moumouvirus	IM432	0
Moumouvirus	IM438	0
Moumouvirus	IM442	0
Moumouvirus	IM445	0
Moumouvirus	IM448	0
Moumouvirus	IM449	0
Moumouvirus	IM451	0
Moumouvirus	IMSA256	0
Moumouvirus	IMSA276	0
Moumouvirus	IMSA286	0
Moumouvirus	IMSA343	0
Moumouvirus	IS_238	0
Moumouvirus	IS238	0
Moumouvirus	IS243	0
Moumouvirus	IS253	0
Moumouvirus	IS283	0
Moumouvirus	IS322	0
Moumouvirus	IS399	0
Moumouvirus	IS418	0
Moumouvirus	IS430	0
Moumouvirus	IS437	0
Moumouvirus	IS444	0
Moumouvirus	R276CMSA	0
Moumouvirus	R286CMSA	0
Moumouvirus	R292CMSA	0
Moumouvirus	R292IMSA	0
Moumouvirus	R308CMSA	0
Moumouvirus	R316IMSA	0
Moumouvirus	R347CMSA	0
Moumouvirus	R347IMSA	0
Moumouvirus	R371CMSA	0
Moumouvirus	SRR10104064	NA
Moumouvirus	SRR10104065	NA
Moumouvirus	SRR10104066	NA
Moumouvirus	SRR10104067	NA
Moumouvirus	SRR10104068	NA
Moumouvirus	SRR10104069	NA
Moumouvirus	SRR10104070	NA
Moumouvirus	SRR10104071	NA
Moumouvirus	SRR10104072	NA
Moumouvirus	SRR10104073	NA
Moumouvirus	SRR10104074	NA
Moumouvirus	SRR10104075	NA
Moumouvirus	SRR10104076	NA
Moumouvirus	SRR10104077	NA
Moumouvirus	SRR10104078	NA
Moumouvirus	SRR10104079	NA
Moumouvirus	SRR10104080	NA
Moumouvirus	SRR10104081	NA
Moumouvirus	SRR10104082	NA
Moumouvirus	SRR10104083	NA
Moumouvirus	SRR10104084	NA
Moumouvirus	SRR10104085	NA
Moumouvirus	SRR10104086	NA
Moumouvirus	SRR10104087	NA
Moumouvirus	SRR10104088	NA
Moumouvirus	SRR10104089	NA
Moumouvirus	SRR10104090	NA
Moumouvirus	SRR10104091	NA
Moumouvirus	SRR10104092	NA
Moumouvirus	SRR10104093	NA
Moumouvirus	SRR10104094	NA
Moumouvirus	SRR10104095	NA
Moumouvirus	SRR10104096	NA
Moumouvirus	SRR10104097	NA
Moumouvirus	SRR10104098	NA
Moumouvirus	SRR10104099	NA
Moumouvirus	SRR10104100	NA
Moumouvirus	SRR10104101	NA
Moumouvirus	SRR10104102	NA
Moumouvirus	SRR10104103	NA
Moumouvirus	SRR10104104	NA
Moumouvirus	SRR10104105	NA
Moumouvirus	SRR10104106	NA
Moumouvirus	SRR10104107	NA
Moumouvirus	SRR10104108	NA
Moumouvirus	SRR10104109	NA
Moumouvirus	SRR10104110	NA
Moumouvirus	SRR10104111	NA
Moumouvirus	SRR10104112	NA
Moumouvirus	SRR10104113	NA
Moumouvirus	SRR10104114	NA
Moumouvirus	SRR10104115	NA
Moumouvirus	SRR10104116	NA
Moumouvirus	SRR10104117	NA
Moumouvirus	SRR10104118	NA
Moumouvirus	SRR10104119	NA
Moumouvirus	SRR10104120	NA
Moumouvirus	SRR10104121	NA
Moumouvirus	SRR10104122	NA
Moumouvirus	SRR10104123	NA
Moumouvirus	SRR10104124	NA
Moumouvirus	SRR10104125	NA
Moumouvirus	SRR10104126	NA
Moumouvirus	SRR10104127	NA
Moumouvirus	SRR10104128	NA
Moumouvirus	SRR10104129	NA
Moumouvirus	SRR10104130	NA
Moumouvirus	SRR10104131	NA
Moumouvirus	SRR10104132	NA
Moumouvirus	SRR10104133	NA
Moumouvirus	SRR10104134	NA
Moumouvirus	SRR10104135	NA
Moumouvirus	SRR10104136	NA
Moumouvirus	SRR10104137	NA
Moumouvirus	SRR10104138	NA
Moumouvirus	SRR10104139	NA
Moumouvirus	SRR10104140	NA
Moumouvirus	SRR10104141	NA
Moumouvirus	SRR10104142	NA
Moumouvirus	SRR10104143	NA
Moumouvirus	SRR10104144	NA
Moumouvirus	SRR10104145	NA
Moumouvirus	SRR10104146	NA
Moumouvirus	SRR10104147	NA
Moumouvirus	SRR10104148	NA
Moumouvirus	SRR10104149	NA
Moumouvirus	SRR10104150	NA
Moumouvirus	SRR10104151	NA
Moumouvirus	SRR10104152	NA
Moumouvirus	SRR10104153	NA
Moumouvirus	SRR10104154	NA
Moumouvirus	SRR10104155	NA
Moumouvirus	SRR10104156	NA
Moumouvirus	SRR10104157	NA
Moumouvirus	SRR10104158	NA
Moumouvirus	SRR10104159	NA
Moumouvirus	SRR10104160	NA
Moumouvirus	SRR10104161	NA
Moumouvirus	SRR10104162	NA
Moumouvirus	SRR10104163	NA
Moumouvirus	SRR10104164	NA
Moumouvirus	SRR10104165	NA
Moumouvirus	SRR10104166	NA
Moumouvirus	SRR10104167	NA
Moumouvirus	SRR10104168	NA
Moumouvirus	SRR10104169	NA
Moumouvirus	SRR10104170	NA
Moumouvirus	SRR10104171	NA
Moumouvirus	SRR10104172	NA
Moumouvirus	SRR10104173	NA
Moumouvirus	SRR10104174	NA
Moumouvirus	SRR10104175	NA
Moumouvirus	SRR10104176	NA
Moumouvirus	SRR10104177	NA
Moumouvirus	SRR10104178	NA
Moumouvirus	SRR10104179	NA
Moumouvirus	SRR10104180	NA
Moumouvirus	SRR10104181	NA
Moumouvirus	SRR10104182	NA
Moumouvirus	SRR10104183	NA
Moumouvirus	SRR10104184	NA
Moumouvirus	SRR10104185	NA
Moumouvirus	SRR10104186	NA
Moumouvirus	SRR10104187	NA
Moumouvirus	SRR10104188	NA
Moumouvirus	SRR10104189	NA
Moumouvirus	SRR10104190	NA
Moumouvirus	SRR10104191	NA
Moumouvirus	SRR10104192	NA
Moumouvirus	SRR10104193	NA
Moumouvirus	SRR10104194	NA
Moumouvirus	SRR10104195	NA
Moumouvirus	SRR10104196	NA
Moumouvirus	SRR10104197	NA
Moumouvirus	SRR10104198	NA
Moumouvirus	SRR10104199	NA
Moumouvirus	SRR10104200	NA
Moumouvirus	SRR10104201	NA
Moumouvirus	SRR10104202	NA
Moumouvirus	SRR10104203	NA
Moumouvirus	SRR10104204	NA
Moumouvirus	SRR10104205	NA
Moumouvirus	SRR10104206	NA
Moumouvirus	SRR10104207	NA
Moumouvirus	SRR10104208	NA
Moumouvirus	SRR10104209	NA
Moumouvirus	SRR10104210	NA
Moumouvirus	SRR10104211	NA
Moumouvirus	SRR10104212	NA
Moumouvirus	SRR10104213	NA
Moumouvirus	SRR10104214	NA
Moumouvirus	SRR10104215	NA
Moumouvirus	SRR10104216	NA
Moumouvirus	SRR10104217	NA
Moumouvirus	SRR10104218	NA
Moumouvirus	SRR10104219	NA
Moumouvirus	SRR10104220	NA
Moumouvirus	SRR10104221	NA
Moumouvirus	SRR10104222	NA
Moumouvirus	SRR10104223	NA
Moumouvirus	SRR10104224	NA
Moumouvirus	SRR10104225	NA
Moumouvirus	SRR10104226	NA
Moumouvirus	SRR10104227	NA
Moumouvirus	SRR10104228	NA
Moumouvirus	SRR10104229	NA
Moumouvirus	SRR10104230	NA
Moumouvirus	SRR10104231	NA
Moumouvirus	SRR10104232	NA
Moumouvirus	SRR10104233	NA
Moumouvirus	SRR10104234	NA
Moumouvirus	SRR10104235	NA
Moumouvirus	SRR10104236	NA
Moumouvirus	SRR10104237	NA
Moumouvirus	SRR10104238	NA
Moumouvirus	SRR10104239	NA
Moumouvirus	SRR10104240	NA
Moumouvirus	SRR10104241	NA
Moumouvirus	SRR10104242	NA
Moumouvirus	SRR10104243	NA
Moumouvirus	SRR10104244	NA
Moumouvirus	SRR10104245	NA
Moumouvirus	SRR10104246	NA
Moumouvirus	SRR10104247	NA
Moumouvirus	SRR10104248	NA
Moumouvirus	SRR10104249	NA
Moumouvirus	SRR10104250	NA
Moumouvirus	SRR10104251	NA
Moumouvirus	SRR10104252	NA
Moumouvirus	SRR10104253	NA
Moumouvirus	SRR10104254	NA
Moumouvirus	SRR10104255	NA
Moumouvirus	SRR10104256	NA
Moumouvirus	SRR10104257	NA
Moumouvirus	SRR10104258	NA
Moumouvirus	SRR10224277	0
Moumouvirus	SRR10224278	0
Moumouvirus	SRR10224279	0
Moumouvirus	SRR10224280	0
Moumouvirus	SRR10224281	0
Moumouvirus	SRR10224282	0
Moumouvirus	SRR10224283	0
Moumouvirus	SRR10224284	0
Moumouvirus	SRR10224285	0
Moumouvirus	SRR10224286	0
Moumouvirus	SRR10224287	0
Moumouvirus	SRR10224288	0
Moumouvirus	SRR10224289	0
Moumouvirus	SRR10224290	0
Moumouvirus	SRR10224291	0
Moumouvirus	SRR10224292	0
Moumouvirus	SRR10224293	0
Moumouvirus	SRR10224294	0
Moumouvirus	SRR10224295	0
Moumouvirus	SRR10224296	0
Moumouvirus	SRR10224297	0
Moumouvirus	SRR10224298	0
Moumouvirus	SRR10318388	NA
Moumouvirus	SRR10318389	NA
Moumouvirus	SRR10318390	NA
Moumouvirus	SRR10318391	NA
Moumouvirus	SRR10318392	NA
Moumouvirus	SRR10318393	NA
Moumouvirus	SRR10318394	NA
Moumouvirus	SRR10318395	NA
Moumouvirus	SRR10318396	NA
Moumouvirus	SRR10318397	NA
Moumouvirus	SRR10318398	NA
Moumouvirus	SRR10318399	NA
Moumouvirus	SRR10318400	NA
Moumouvirus	SRR10318401	NA
Moumouvirus	SRR10318402	NA
Moumouvirus	SRR10318403	NA
Moumouvirus	SRR10318404	NA
Moumouvirus	SRR10318405	NA
Moumouvirus	SRR10318406	NA
Moumouvirus	SRR10318407	NA
Moumouvirus	SRR10318408	NA
Moumouvirus	SRR10318409	NA
Moumouvirus	SRR10318410	NA
Moumouvirus	SRR10318411	NA
Moumouvirus	SRR10318412	NA
Moumouvirus	SRR10318413	NA
Moumouvirus	SRR10318414	NA
Moumouvirus	SRR10318415	NA
Moumouvirus	SRR10318416	NA
Moumouvirus	SRR10318417	NA
Moumouvirus	SRR10318418	NA
Moumouvirus	SRR10318419	NA
Moumouvirus	SRR10318420	NA
Moumouvirus	SRR10318421	NA
Moumouvirus	SRR10318422	NA
Moumouvirus	SRR10318423	NA
Moumouvirus	SRR10318424	NA
Moumouvirus	SRR10318425	NA
Moumouvirus	SRR10318426	NA
Moumouvirus	SRR10318427	NA
Moumouvirus	SRR10318428	NA
Moumouvirus	SRR10318429	NA
Moumouvirus	SRR10318430	NA
Moumouvirus	SRR10318431	NA
Moumouvirus	SRR10318432	NA
Moumouvirus	SRR10318433	NA
Moumouvirus	SRR10318434	NA
Moumouvirus	SRR10318435	NA
Moumouvirus	SRR10318436	NA
Moumouvirus	SRR10318437	NA
Moumouvirus	SRR10318438	NA
Moumouvirus	SRR10318439	NA
Moumouvirus	SRR10318440	NA
Moumouvirus	SRR10318441	NA
Moumouvirus	SRR10318442	NA
Moumouvirus	SRR10318443	NA
Moumouvirus	SRR10318444	NA
Moumouvirus	SRR10318445	NA
Moumouvirus	SRR10318446	NA
Moumouvirus	SRR10318447	NA
Moumouvirus	SRR10318448	NA
Moumouvirus	SRR10318449	NA
Moumouvirus	SRR10318450	NA
Moumouvirus	SRR10318451	NA
Moumouvirus	SRR10318452	NA
Moumouvirus	SRR10318453	NA
Moumouvirus	SRR10318454	NA
Moumouvirus	SRR10318455	NA
Moumouvirus	SRR10318456	NA
Moumouvirus	SRR10318457	NA
Moumouvirus	SRR10318458	NA
Moumouvirus	SRR10318459	NA
Moumouvirus	SRR10318460	NA
Moumouvirus	SRR10318461	NA
Moumouvirus	SRR10318462	NA
Moumouvirus	SRR10318463	NA
Moumouvirus	SRR10318464	NA
Moumouvirus	SRR10318465	NA
Moumouvirus	SRR10318466	NA
Moumouvirus	SRR10318467	NA
Moumouvirus	SRR10318468	NA
Moumouvirus	SRR10318469	NA
Moumouvirus	SRR10318470	NA
Moumouvirus	SRR10318471	NA
Moumouvirus	SRR10318472	NA
Moumouvirus	SRR10318473	NA
Moumouvirus	SRR10318474	NA
Moumouvirus	SRR10318475	NA
Moumouvirus	SRR10318476	NA
Moumouvirus	SRR10318495	NA
Moumouvirus	SRR10318496	NA
Moumouvirus	SRR10318497	NA
Moumouvirus	SRR10318498	NA
Moumouvirus	SRR10318499	NA
Moumouvirus	SRR10318500	NA
Moumouvirus	SRR10318501	NA
Moumouvirus	SRR10318502	NA
Moumouvirus	SRR10318503	NA
Moumouvirus	SRR10318504	NA
Moumouvirus	SRR10318505	NA
Moumouvirus	SRR10318506	NA
Moumouvirus	SRR10318507	NA
Moumouvirus	SRR10318508	NA
Moumouvirus	SRR10318509	NA
Moumouvirus	SRR10318510	NA
Moumouvirus	SRR10318511	NA
Moumouvirus	SRR10318512	NA
Moumouvirus	SRR10318513	NA
Moumouvirus	SRR10318514	NA
Moumouvirus	SRR10318515	NA
Moumouvirus	SRR10318516	NA
Moumouvirus	SRR10318517	NA
Moumouvirus	SRR10318518	NA
Moumouvirus	SRR10318519	NA
Moumouvirus	SRR10318520	NA
Moumouvirus	SRR10318521	NA
Moumouvirus	SRR10318522	NA
Moumouvirus	SRR10318523	NA
Moumouvirus	SRR10318524	NA
Moumouvirus	SRR10318525	NA
Moumouvirus	SRR10318526	NA
Moumouvirus	SRR10318527	NA
Moumouvirus	SRR10318528	NA
Moumouvirus	SRR10318529	NA
Moumouvirus	SRR10318530	NA
Moumouvirus	SRR10318531	NA
Moumouvirus	SRR10318532	NA
Moumouvirus	SRR10318533	NA
Moumouvirus	SRR10318534	NA
Moumouvirus	SRR10318535	NA
Moumouvirus	SRR10318536	NA
Moumouvirus	SRR10318537	NA
Moumouvirus	SRR10318538	NA
Moumouvirus	SRR10318539	NA
Moumouvirus	SRR10318540	NA
Moumouvirus	SRR10318541	NA
Moumouvirus	SRR10318542	NA
Moumouvirus	SRR10318543	NA
Moumouvirus	SRR10318544	NA
Moumouvirus	SRR10318545	NA
Moumouvirus	SRR10318546	NA
Moumouvirus	SRR10318547	NA
Moumouvirus	SRR10318548	NA
Moumouvirus	SRR10318549	NA
Moumouvirus	SRR10318568	NA
Moumouvirus	SRR10318569	NA
Moumouvirus	SRR10318570	NA
Moumouvirus	SRR10318571	NA
Moumouvirus	SRR10318572	NA
Moumouvirus	SRR10318573	NA
Moumouvirus	SRR10318574	NA
Moumouvirus	SRR10318575	NA
Moumouvirus	SRR10318576	NA
Moumouvirus	SRR10318577	NA
Moumouvirus	SRR10318578	NA
Moumouvirus	SRR10318579	NA
Moumouvirus	SRR10318580	NA
Moumouvirus	SRR10318581	NA
Moumouvirus	SRR10875803	0
Moumouvirus	SRR10875804	0
Moumouvirus	SRR10875805	0
Moumouvirus	SRR10875806	0
Moumouvirus	SRR10875807	0
Moumouvirus	SRR10875808	0
Moumouvirus	SRR10875809	0
Moumouvirus	SRR10875810	0
Moumouvirus	SRR10875812	0
Moumouvirus	SRR10875813	0
Moumouvirus	SRR10875814	0
Moumouvirus	SRR10875815	0
Moumouvirus	SRR10875816	0
Moumouvirus	SRR10875817	0
Moumouvirus	SRR10875818	0
Moumouvirus	SRR10875819	0
Moumouvirus	SRR10875820	0
Moumouvirus	SRR10875821	0
Moumouvirus	SRR10875822	0
Moumouvirus	SRR10875823	0
Moumouvirus	SRR10875824	0
Moumouvirus	SRR10875825	0
Moumouvirus	SRR10875826	0
Moumouvirus	SRR10875827	0
Moumouvirus	SRR10875829	0
Moumouvirus	SRR10875830	0
Moumouvirus	SRR10875831	0
Moumouvirus	SRR10875832	0
Moumouvirus	SRR10875834	0
Moumouvirus	SRR10875835	0
Moumouvirus	SRR10875836	0
Moumouvirus	SRR10875837	0
Moumouvirus	SRR10875838	0
Moumouvirus	SRR10875839	0
Moumouvirus	SRR10875840	0
Moumouvirus	SRR10875841	0
Moumouvirus	SRR10875842	0
Moumouvirus	SRR10875843	0
Moumouvirus	SRR10875844	0
Moumouvirus	SRR10875845	0
Moumouvirus	SRR10875846	0
Moumouvirus	SRR10875847	0
Moumouvirus	SRR10875848	0
Moumouvirus	SRR10875849	0
Moumouvirus	SRR10875850	0
Moumouvirus	SRR10875851	0
Moumouvirus	SRR10875852	0
Moumouvirus	SRR10875853	0
Moumouvirus	SRR10875854	0
Moumouvirus	SRR10875855	0
Moumouvirus	SRR10875856	0
Moumouvirus	SRR10875857	0
Moumouvirus	SRR10875858	0
Moumouvirus	SRR10875859	0
Moumouvirus	SRR10875860	0
Moumouvirus	SRR10875861	0
Moumouvirus	SRR10875862	0
Moumouvirus	SRR10875863	0
Moumouvirus	SRR10875864	0
Moumouvirus	SRR10875865	0
Moumouvirus	SRR10875866	0
Moumouvirus	SRR10875867	0
Moumouvirus	SRR10875868	0
Moumouvirus	SRR10875869	0
Moumouvirus	SRR10875870	0
Moumouvirus	SRR10875871	0
Moumouvirus	SRR10875872	0
Moumouvirus	SRR10875873	0
Moumouvirus	SRR10875874	0
Moumouvirus	SRR10875875	0
Moumouvirus	SRR10875876	0
Moumouvirus	SRR10875877	0
Moumouvirus	SRR10875878	0
Moumouvirus	SRR10875879	0
Moumouvirus	SRR10875880	0
Moumouvirus	SRR10875881	0
Moumouvirus	SRR10875882	0
Moumouvirus	SRR10875883	0
Moumouvirus	SRR10875884	0
Moumouvirus	SRR10875885	0
Moumouvirus	SRR10875886	0
Moumouvirus	SRR10875887	0
Moumouvirus	SRR10875888	0
Moumouvirus	SRR10875889	0
Moumouvirus	SRR10875890	0
Moumouvirus	SRR10875891	0
Moumouvirus	SRR10875892	0
Moumouvirus	SRR10875893	0
Moumouvirus	SRR10875894	0
Moumouvirus	SRR10875895	0
Moumouvirus	SRR10875896	0
Moumouvirus	SRR10875897	0
Moumouvirus	SRR10875898	0
Moumouvirus	SRR10875899	0
Moumouvirus	SRR10875900	0
Moumouvirus	SRR10875901	0
Moumouvirus	SRR10875902	0
Moumouvirus	SRR12430469	0
Moumouvirus	SRR12430470	0
Moumouvirus	SRR12430471	0
Moumouvirus	SRR12430472	0
Moumouvirus	SRR12430473	0
Moumouvirus	SRR12430474	0
Moumouvirus	SRR12430475	0
Moumouvirus	SRR12430476	0
Moumouvirus	SRR12765534	NA
Moumouvirus	SRR12765535	NA
Moumouvirus	SRR12765536	NA
Moumouvirus	SRR12765537	NA
Moumouvirus	SRR12765538	NA
Moumouvirus	SRR12765539	NA
Moumouvirus	SRR12765540	NA
Moumouvirus	SRR12765541	NA
Moumouvirus	SRR12765542	NA
Moumouvirus	SRR12765543	NA
Moumouvirus	SRR12765544	NA
Moumouvirus	SRR12765545	NA
Moumouvirus	SRR12765546	NA
Moumouvirus	SRR12765547	NA
Moumouvirus	SRR12765548	NA
Moumouvirus	SRR12765549	NA
Moumouvirus	SRR12765550	NA
Moumouvirus	SRR12765551	NA
Moumouvirus	SRR12765552	NA
Moumouvirus	SRR12765553	NA
Moumouvirus	SRR12765554	NA
Moumouvirus	SRR12765555	NA
Moumouvirus	SRR12765556	NA
Moumouvirus	SRR12765557	NA
Moumouvirus	SRR12765558	NA
Moumouvirus	SRR12765559	NA
Moumouvirus	SRR12765560	NA
Moumouvirus	SRR12765561	NA
Moumouvirus	SRR12765562	NA
Moumouvirus	SRR12765563	NA
Moumouvirus	SRR12765564	NA
Moumouvirus	SRR12765565	NA
Moumouvirus	SRR12765566	NA
Moumouvirus	SRR12765567	NA
Moumouvirus	SRR12765568	NA
Moumouvirus	SRR12765569	NA
Moumouvirus	SRR12765570	NA
Moumouvirus	SRR12765571	NA
Moumouvirus	SRR12765572	NA
Moumouvirus	SRR12765573	NA
Moumouvirus	SRR12765574	NA
Moumouvirus	SRR12765575	NA
Moumouvirus	SRR12765576	NA
Moumouvirus	SRR12765577	NA
Moumouvirus	SRR12765578	NA
Moumouvirus	SRR12765579	NA
Moumouvirus	SRR12765580	NA
Moumouvirus	SRR12765581	NA
Moumouvirus	SRR12765582	NA
Moumouvirus	SRR12765583	NA
Moumouvirus	SRR12765584	NA
Moumouvirus	SRR12765585	NA
Moumouvirus	SRR12765586	NA
Moumouvirus	SRR12765587	NA
Moumouvirus	SRR12765588	NA
Moumouvirus	SRR12765589	NA
Moumouvirus	SRR12765590	NA
Moumouvirus	SRR12765591	NA
Moumouvirus	SRR12765592	NA
Moumouvirus	SRR12765593	NA
Moumouvirus	SRR12765594	NA
Moumouvirus	SRR12765595	NA
Moumouvirus	SRR12765596	NA
Moumouvirus	SRR12765597	NA
Moumouvirus	SRR12765598	NA
Moumouvirus	SRR12765599	NA
Moumouvirus	SRR12765600	NA
Moumouvirus	SRR12765601	NA
Moumouvirus	SRR12765602	NA
Moumouvirus	SRR12765603	NA
Moumouvirus	SRR12765604	NA
Moumouvirus	SRR12765605	NA
Moumouvirus	SRR12765606	NA
Moumouvirus	SRR12765607	NA
Moumouvirus	SRR12765608	NA
Moumouvirus	SRR12765609	NA
Moumouvirus	SRR12765610	NA
Moumouvirus	SRR12765611	NA
Moumouvirus	SRR12765612	NA
Moumouvirus	SRR12765613	NA
Moumouvirus	SRR12765614	NA
Moumouvirus	SRR12765615	NA
Moumouvirus	SRR12765616	NA
Moumouvirus	SRR12765617	NA
Moumouvirus	SRR12765618	NA
Moumouvirus	SRR12765619	NA
Moumouvirus	SRR12765620	NA
Moumouvirus	SRR12765621	NA
Moumouvirus	SRR12765622	NA
Moumouvirus	SRR12765623	NA
Moumouvirus	SRR12765624	NA
Moumouvirus	SRR12765625	NA
Moumouvirus	SRR12765626	NA
Moumouvirus	SRR12765627	NA
Moumouvirus	SRR12765628	NA
Moumouvirus	SRR12765629	NA
Moumouvirus	SRR12765630	NA
Moumouvirus	SRR12765631	NA
Moumouvirus	SRR12765632	NA
Moumouvirus	SRR12765633	NA
Moumouvirus	SRR12765634	NA
Moumouvirus	SRR12765635	NA
Moumouvirus	SRR12765636	NA
Moumouvirus	SRR12765637	NA
Moumouvirus	SRR12765638	NA
Moumouvirus	SRR12765639	NA
Moumouvirus	SRR12765640	NA
Moumouvirus	SRR12765641	NA
Moumouvirus	SRR12765642	NA
Moumouvirus	SRR12765643	NA
Moumouvirus	SRR12765644	NA
Moumouvirus	SRR12765645	NA
Moumouvirus	SRR12765646	NA
Moumouvirus	SRR12765647	NA
Moumouvirus	SRR12765648	NA
Moumouvirus	SRR12765649	NA
Moumouvirus	SRR12765650	NA
Moumouvirus	SRR12765651	NA
Moumouvirus	SRR12765652	NA
Moumouvirus	SRR12774664	0
Moumouvirus	SRR12774665	0
Moumouvirus	SRR12774666	0
Moumouvirus	SRR12774667	0
Moumouvirus	SRR12774668	0
Moumouvirus	SRR12774669	0
Moumouvirus	SRR12774670	0
Moumouvirus	SRR12774671	0
Moumouvirus	SRR12774672	0
Moumouvirus	SRR12774673	0
Moumouvirus	SRR12774674	0
Moumouvirus	SRR12774675	0
Moumouvirus	SRR12774676	0
Moumouvirus	SRR12774677	0
Moumouvirus	SRR12774678	0
Moumouvirus	SRR12774679	0
Moumouvirus	SRR12774680	0
Moumouvirus	SRR12774681	0
Moumouvirus	SRR12774682	0
Moumouvirus	SRR12774683	0
Moumouvirus	SRR12774684	0
Moumouvirus	SRR12774685	0
Moumouvirus	SRR12774686	0
Moumouvirus	SRR12774687	0
Moumouvirus	SRR1609360	0
Moumouvirus	SRR1609361	0
Moumouvirus	SRR1609362	0
Moumouvirus	SRR1609363	0
Moumouvirus	SRR1609364	0
Moumouvirus	SRR1609365	0
Moumouvirus	SRR1609366	0
Moumouvirus	SRR1609367	0
Moumouvirus	SRR1609368	0
Moumouvirus	SRR1609369	0
Moumouvirus	SRR1609370	0
Moumouvirus	SRR1609371	0
Moumouvirus	SRR1609372	0
Moumouvirus	SRR1609373	0
Moumouvirus	SRR1609374	0
Moumouvirus	SRR1609375	0
Moumouvirus	SRR1609376	0
Moumouvirus	SRR1609377	0
Moumouvirus	SRR1609378	0
Moumouvirus	SRR1609379	0
Moumouvirus	SRR1609380	0
Moumouvirus	SRR1609381	0
Moumouvirus	SRR1609382	0
Moumouvirus	SRR1609383	0
Moumouvirus	SRR1609384	0
Moumouvirus	SRR1609385	0
Moumouvirus	SRR1609386	0
Moumouvirus	SRR1609387	0
Moumouvirus	SRR1609388	0
Moumouvirus	SRR1609389	0
Moumouvirus	SRR1609390	0
Moumouvirus	SRR1609391	0
Moumouvirus	SRR1609392	0
Moumouvirus	SRR1609393	0
Moumouvirus	SRR1609394	0
Moumouvirus	SRR1609395	0
Moumouvirus	SRR1609396	0
Moumouvirus	SRR1609397	0
Moumouvirus	SRR1609398	0
Moumouvirus	SRR1609399	0
Moumouvirus	SRR1609400	0
Moumouvirus	SRR1609401	0
Moumouvirus	SRR1609402	0
Moumouvirus	SRR1609403	0
Moumouvirus	SRR1609404	0
Moumouvirus	SRR1609405	0
Moumouvirus	SRR1609406	0
Moumouvirus	SRR1609407	0
Moumouvirus	SRR1609408	0
Moumouvirus	SRR1609409	0
Moumouvirus	SRR1609410	0
Moumouvirus	SRR1609411	0
Moumouvirus	SRR1609412	0
Moumouvirus	SRR1609413	0
Moumouvirus	SRR1609414	0
Moumouvirus	SRR1609415	0
Moumouvirus	SRR1609416	0
Moumouvirus	SRR1609417	0
Moumouvirus	SRR1609418	0
Moumouvirus	SRR1609419	0
Moumouvirus	SRR1609420	0
Moumouvirus	SRR1609421	0
Moumouvirus	SRR1609422	0
Moumouvirus	SRR1609423	0
Moumouvirus	SRR1609424	0
Moumouvirus	SRR1609425	0
Moumouvirus	SRR1609426	0
Moumouvirus	SRR1609427	0
Moumouvirus	SRR1609428	0
Moumouvirus	SRR1609429	0
Moumouvirus	SRR1609430	0
Moumouvirus	SRR1609431	0
Moumouvirus	SRR1609432	0
Moumouvirus	SRR1609433	0
Moumouvirus	SRR1609434	0
Moumouvirus	SRR1609435	0
Moumouvirus	SRR1609436	0
Moumouvirus	SRR1609437	0
Moumouvirus	SRR1609438	0
Moumouvirus	SRR1609439	0
Moumouvirus	SRR1609440	0
Moumouvirus	SRR1609441	0
Moumouvirus	SRR1609442	0
Moumouvirus	SRR1609443	0
Moumouvirus	SRR1609444	0
Moumouvirus	SRR1609445	0
Moumouvirus	SRR1609446	0
Moumouvirus	SRR1609447	0
Moumouvirus	SRR1609448	0
Moumouvirus	SRR1609449	0
Moumouvirus	SRR1609450	0
Moumouvirus	SRR1609451	0
Moumouvirus	SRR1609452	0
Moumouvirus	SRR1609453	0
Moumouvirus	SRR1609454	0
Moumouvirus	SRR1609455	0
Moumouvirus	SRR1609456	0
Moumouvirus	SRR1609457	0
Moumouvirus	SRR1609458	0
Moumouvirus	SRR1609459	0
Moumouvirus	SRR1609460	0
Moumouvirus	SRR1609461	0
Moumouvirus	SRR1609462	0
Moumouvirus	SRR1609463	0
Moumouvirus	SRR1609464	0
Moumouvirus	SRR1609465	0
Moumouvirus	SRR1609466	0
Moumouvirus	SRR1609467	0
Moumouvirus	SRR1609468	0
Moumouvirus	SRR1609469	0
Moumouvirus	SRR1609470	0
Moumouvirus	SRR1609471	0
Moumouvirus	SRR1609472	0
Moumouvirus	SRR1609473	0
Moumouvirus	SRR1609474	0
Moumouvirus	SRR1609475	0
Moumouvirus	SRR1609476	0
Moumouvirus	SRR1609477	0
Moumouvirus	SRR1609478	0
Moumouvirus	SRR1609479	0
Moumouvirus	SRR1609480	0
Moumouvirus	SRR1609481	0
Moumouvirus	SRR1609482	0
Moumouvirus	SRR1609483	0
Moumouvirus	SRR1609484	0
Moumouvirus	SRR1609485	0
Moumouvirus	SRR1609486	0
Moumouvirus	SRR1609487	0
Moumouvirus	SRR1609488	0
Moumouvirus	SRR1609489	0
Moumouvirus	SRR1609490	0
Moumouvirus	SRR1609491	0
Moumouvirus	SRR1609492	0
Moumouvirus	SRR1609493	0
Moumouvirus	SRR1609494	0
Moumouvirus	SRR1609495	0
Moumouvirus	SRR1609496	0
Moumouvirus	SRR1609497	0
Moumouvirus	SRR1609498	0
Moumouvirus	SRR1609499	0
Moumouvirus	SRR1609500	0
Moumouvirus	SRR1609501	0
Moumouvirus	SRR1609502	0
Moumouvirus	SRR1609503	0
Moumouvirus	SRR1609504	0
Moumouvirus	SRR1609505	0
Moumouvirus	SRR1609506	0
Moumouvirus	SRR1609507	0
Moumouvirus	SRR1609508	0
Moumouvirus	SRR1609509	0
Moumouvirus	SRR1609510	0
Moumouvirus	SRR1609511	0
Moumouvirus	SRR1609512	0
Moumouvirus	SRR1609513	0
Moumouvirus	SRR1609514	0
Moumouvirus	SRR1609515	0
Moumouvirus	SRR1609516	0
Moumouvirus	SRR1609517	0
Moumouvirus	SRR1609518	0
Moumouvirus	SRR1609519	0
Moumouvirus	SRR1609520	0
Moumouvirus	SRR1609521	0
Moumouvirus	SRR1609522	0
Moumouvirus	SRR1609523	0
Moumouvirus	SRR1609524	0
Moumouvirus	SRR1609525	0
Moumouvirus	SRR1609526	0
Moumouvirus	SRR1609527	0
Moumouvirus	SRR1609528	0
Moumouvirus	SRR1609529	0
Moumouvirus	SRR1609530	0
Moumouvirus	SRR1609531	0
Moumouvirus	SRR1609532	0
Moumouvirus	SRR1609533	0
Moumouvirus	SRR1609534	0
Moumouvirus	SRR1609535	0
Moumouvirus	SRR1609536	0
Moumouvirus	SRR1609537	0
Moumouvirus	SRR1609538	0
Moumouvirus	SRR1609539	0
Moumouvirus	SRR1609540	0
Moumouvirus	SRR1609541	0
Moumouvirus	SRR1609542	0
Moumouvirus	SRR1609543	0
Moumouvirus	SRR1609544	0
Moumouvirus	SRR1609545	0
Moumouvirus	SRR1609546	0
Moumouvirus	SRR1609547	0
Moumouvirus	SRR1609548	0
Moumouvirus	SRR1609549	0
Moumouvirus	SRR1609550	0
Moumouvirus	SRR1609551	0
Moumouvirus	SRR1609552	0
Moumouvirus	SRR1609553	0
Moumouvirus	SRR1609554	0
Moumouvirus	SRR1609555	0
Moumouvirus	SRR1609556	0
Moumouvirus	SRR1609557	0
Moumouvirus	SRR1609558	0
Moumouvirus	SRR1609559	0
Moumouvirus	SRR1609560	0
Moumouvirus	SRR1609561	0
Moumouvirus	SRR1609562	0
Moumouvirus	SRR1609563	0
Moumouvirus	SRR1609564	0
Moumouvirus	SRR1609565	0
Moumouvirus	SRR1609566	0
Moumouvirus	SRR1609567	0
Moumouvirus	SRR1609568	0
Moumouvirus	SRR1609569	0
Moumouvirus	SRR1609570	0
Moumouvirus	SRR1609571	0
Moumouvirus	SRR1609572	0
Moumouvirus	SRR1609573	0
Moumouvirus	SRR1609574	0
Moumouvirus	SRR1609575	0
Moumouvirus	SRR1609576	0
Moumouvirus	SRR1609577	0
Moumouvirus	SRR1609578	0
Moumouvirus	SRR1609579	0
Moumouvirus	SRR1609580	0
Moumouvirus	SRR1609581	0
Moumouvirus	SRR1609582	0
Moumouvirus	SRR1609583	0
Moumouvirus	SRR1609584	0
Moumouvirus	SRR1609585	0
Moumouvirus	SRR1609586	0
Moumouvirus	SRR1609587	0
Moumouvirus	SRR1609588	0
Moumouvirus	SRR1609589	0
Moumouvirus	SRR1609590	0
Moumouvirus	SRR1609591	0
Moumouvirus	SRR1609592	0
Moumouvirus	SRR1609593	0
Moumouvirus	SRR1609594	0
Moumouvirus	SRR1609595	0
Moumouvirus	SRR1609596	0
Moumouvirus	SRR1609597	0
Moumouvirus	SRR1609598	0
Moumouvirus	SRR1609599	0
Moumouvirus	SRR1609600	0
Moumouvirus	SRR1609601	0
Moumouvirus	SRR1609602	0
Moumouvirus	SRR1609603	0
Moumouvirus	SRR1609604	0
Moumouvirus	SRR1609605	0
Moumouvirus	SRR1609606	0
Moumouvirus	SRR1609607	0
Moumouvirus	SRR1609608	0
Moumouvirus	SRR1609609	0
Moumouvirus	SRR1609610	0
Moumouvirus	SRR1609611	0
Moumouvirus	SRR1609612	0
Moumouvirus	SRR1609613	0
Moumouvirus	SRR1609614	0
Moumouvirus	SRR1609615	0
Moumouvirus	SRR1609616	0
Moumouvirus	SRR1609617	0
Moumouvirus	SRR1609618	0
Moumouvirus	SRR1609619	0
Moumouvirus	SRR1609620	0
Moumouvirus	SRR1609621	0
Moumouvirus	SRR1609622	0
Moumouvirus	SRR1609623	0
Moumouvirus	SRR1609624	0
Moumouvirus	SRR1609625	0
Moumouvirus	SRR1609626	0
Moumouvirus	SRR1609627	0
Moumouvirus	SRR1609628	0
Moumouvirus	SRR1609629	0
Moumouvirus	SRR1609630	0
Moumouvirus	SRR1609631	0
Moumouvirus	SRR1609632	0
Moumouvirus	SRR1609633	0
Moumouvirus	SRR1609634	0
Moumouvirus	SRR1609635	0
Moumouvirus	SRR1609636	0
Moumouvirus	SRR1609637	0
Moumouvirus	SRR1609638	0
Moumouvirus	SRR1609639	0
Moumouvirus	SRR1609640	0
Moumouvirus	SRR1609641	0
Moumouvirus	SRR1609642	0
Moumouvirus	SRR1609643	0
Moumouvirus	SRR1609644	0
Moumouvirus	SRR1609645	0
Moumouvirus	SRR1609646	0
Moumouvirus	SRR1609647	0
Moumouvirus	SRR1609648	0
Moumouvirus	SRR1609649	0
Moumouvirus	SRR1609650	0
Moumouvirus	SRR1609651	0
Moumouvirus	SRR1609652	0
Moumouvirus	SRR1609653	0
Moumouvirus	SRR1609654	0
Moumouvirus	SRR1609655	0
Moumouvirus	SRR1609656	0
Moumouvirus	SRR1609657	0
Moumouvirus	SRR1609658	0
Moumouvirus	SRR1609659	0
Moumouvirus	SRR1609660	0
Moumouvirus	SRR1609661	0
Moumouvirus	SRR1609662	0
Moumouvirus	SRR1609663	0
Moumouvirus	SRR1609664	0
Moumouvirus	SRR1609665	0
Moumouvirus	SRR1609666	0
Moumouvirus	SRR1609667	0
Moumouvirus	SRR1609668	0
Moumouvirus	SRR1609669	0
Moumouvirus	SRR1746771	NA
Moumouvirus	SRR1746772	NA
Moumouvirus	SRR1746773	NA
Moumouvirus	SRR1746774	NA
Moumouvirus	SRR1746775	NA
Moumouvirus	SRR1746776	NA
Moumouvirus	SRR1746777	NA
Moumouvirus	SRR1746778	NA
Moumouvirus	SRR1746779	NA
Moumouvirus	SRR1746780	NA
Moumouvirus	SRR1746781	NA
Moumouvirus	SRR1746782	NA
Moumouvirus	SRR1746783	NA
Moumouvirus	SRR1746784	NA
Moumouvirus	SRR1782685	0
Moumouvirus	SRR1782686	0
Moumouvirus	SRR1782687	0
Moumouvirus	SRR1782688	0
Moumouvirus	SRR1782689	0
Moumouvirus	SRR1782690	0
Moumouvirus	SRR1782691	0
Moumouvirus	SRR1782692	0
Moumouvirus	SRR1782693	0
Moumouvirus	SRR1782694	0
Moumouvirus	SRR1782695	0
Moumouvirus	SRR1782696	0
Moumouvirus	SRR1782697	0
Moumouvirus	SRR1782698	0
Moumouvirus	SRR1782699	0
Moumouvirus	SRR1782700	0
Moumouvirus	SRR1782701	0
Moumouvirus	SRR1782702	0
Moumouvirus	SRR1782703	0
Moumouvirus	SRR1782704	0
Moumouvirus	SRR1782705	0
Moumouvirus	SRR1782706	0
Moumouvirus	SRR1782707	0
Moumouvirus	SRR1782708	0
Moumouvirus	SRR1782709	0
Moumouvirus	SRR1782710	0
Moumouvirus	SRR1782711	0
Moumouvirus	SRR1782712	0
Moumouvirus	SRR1782713	0
Moumouvirus	SRR1782714	0
Moumouvirus	SRR1782715	0
Moumouvirus	SRR1782716	0
Moumouvirus	SRR1782717	0
Moumouvirus	SRR1782718	0
Moumouvirus	SRR1782719	0
Moumouvirus	SRR1782720	0
Moumouvirus	SRR1782721	0
Moumouvirus	SRR1782722	0
Moumouvirus	SRR1782723	0
Moumouvirus	SRR1782724	0
Moumouvirus	SRR1782725	0
Moumouvirus	SRR1782726	0
Moumouvirus	SRR1782727	0
Moumouvirus	SRR1782728	0
Moumouvirus	SRR1782729	0
Moumouvirus	SRR1782730	0
Moumouvirus	SRR1782731	0
Moumouvirus	SRR1782732	0
Moumouvirus	SRR1782733	0
Moumouvirus	SRR1782734	0
Moumouvirus	SRR1782735	0
Moumouvirus	SRR1782736	0
Moumouvirus	SRR1782737	0
Moumouvirus	SRR1782738	0
Moumouvirus	SRR1782739	0
Moumouvirus	SRR1782740	0
Moumouvirus	SRR1782741	0
Moumouvirus	SRR1782742	0
Moumouvirus	SRR1782743	0
Moumouvirus	SRR1782744	0
Moumouvirus	SRR1782745	0
Moumouvirus	SRR1782746	0
Moumouvirus	SRR1782747	0
Moumouvirus	SRR1782748	0
Moumouvirus	SRR1782749	0
Moumouvirus	SRR1782750	0
Moumouvirus	SRR1782751	0
Moumouvirus	SRR1782752	0
Moumouvirus	SRR1782753	0
Moumouvirus	SRR1782754	0
Moumouvirus	SRR1782755	0
Moumouvirus	SRR1782756	0
Moumouvirus	SRR1782757	0
Moumouvirus	SRR1782758	0
Moumouvirus	SRR1782759	0
Moumouvirus	SRR1782760	0
Moumouvirus	SRR1782761	0
Moumouvirus	SRR1782762	0
Moumouvirus	SRR1782763	0
Moumouvirus	SRR1782764	0
Moumouvirus	SRR1782765	0
Moumouvirus	SRR1782766	0
Moumouvirus	SRR1782767	0
Moumouvirus	SRR1782768	0
Moumouvirus	SRR1782769	0
Moumouvirus	SRR1782770	0
Moumouvirus	SRR1782771	0
Moumouvirus	SRR1782772	0
Moumouvirus	SRR1782773	0
Moumouvirus	SRR1782774	0
Moumouvirus	SRR1782775	0
Moumouvirus	SRR1782776	0
Moumouvirus	SRR1782777	0
Moumouvirus	SRR1782778	0
Moumouvirus	SRR1782779	0
Moumouvirus	SRR1782780	0
Moumouvirus	SRR1782781	0
Moumouvirus	SRR1782782	0
Moumouvirus	SRR1782783	0
Moumouvirus	SRR1782784	0
Moumouvirus	SRR1782785	0
Moumouvirus	SRR1782786	0
Moumouvirus	SRR1782787	0
Moumouvirus	SRR1782788	0
Moumouvirus	SRR1782789	0
Moumouvirus	SRR1782790	0
Moumouvirus	SRR1782791	0
Moumouvirus	SRR1782792	0
Moumouvirus	SRR1782793	0
Moumouvirus	SRR1782794	0
Moumouvirus	SRR1782795	0
Moumouvirus	SRR1782796	0
Moumouvirus	SRR1782797	0
Moumouvirus	SRR1782798	0
Moumouvirus	SRR1782799	0
Moumouvirus	SRR1782800	0
Moumouvirus	SRR1782801	0
Moumouvirus	SRR1782802	0
Moumouvirus	SRR1782803	0
Moumouvirus	SRR1782804	0
Moumouvirus	SRR1782805	0
Moumouvirus	SRR1782806	0
Moumouvirus	SRR1782807	0
Moumouvirus	SRR1782808	0
Moumouvirus	SRR1782809	0
Moumouvirus	SRR1782810	0
Moumouvirus	SRR1782811	0
Moumouvirus	SRR1782812	0
Moumouvirus	SRR1782813	0
Moumouvirus	SRR1782814	0
Moumouvirus	SRR1782815	0
Moumouvirus	SRR1782816	0
Moumouvirus	SRR1782817	0
Moumouvirus	SRR1782818	0
Moumouvirus	SRR1782819	0
Moumouvirus	SRR1782820	0
Moumouvirus	SRR1782821	0
Moumouvirus	SRR1782822	0
Moumouvirus	SRR1782823	0
Moumouvirus	SRR1782824	0
Moumouvirus	SRR1782825	0
Moumouvirus	SRR1782826	0
Moumouvirus	SRR1782827	0
Moumouvirus	SRR1782828	0
Moumouvirus	SRR1782829	0
Moumouvirus	SRR1782830	0
Moumouvirus	SRR1782831	0
Moumouvirus	SRR1782832	0
Moumouvirus	SRR1782833	0
Moumouvirus	SRR1782834	0
Moumouvirus	SRR1782835	0
Moumouvirus	SRR1782836	0
Moumouvirus	SRR1782837	0
Moumouvirus	SRR1782838	0
Moumouvirus	SRR1782839	0
Moumouvirus	SRR1782840	0
Moumouvirus	SRR1782841	0
Moumouvirus	SRR1782842	0
Moumouvirus	SRR1782843	0
Moumouvirus	SRR1782844	0
Moumouvirus	SRR1782845	0
Moumouvirus	SRR1782846	0
Moumouvirus	SRR1782847	0
Moumouvirus	SRR1782848	0
Moumouvirus	SRR1782849	0
Moumouvirus	SRR1782850	0
Moumouvirus	SRR1782851	0
Moumouvirus	SRR1782852	0
Moumouvirus	SRR1782853	0
Moumouvirus	SRR1782854	0
Moumouvirus	SRR1782855	0
Moumouvirus	SRR1782856	0
Moumouvirus	SRR1782857	0
Moumouvirus	SRR1782858	0
Moumouvirus	SRR1782859	0
Moumouvirus	SRR1782860	0
Moumouvirus	SRR1782861	0
Moumouvirus	SRR1782862	0
Moumouvirus	SRR1782863	0
Moumouvirus	SRR1782864	0
Moumouvirus	SRR1782865	0
Moumouvirus	SRR1782866	0
Moumouvirus	SRR1782867	0
Moumouvirus	SRR1782868	0
Moumouvirus	SRR1782869	0
Moumouvirus	SRR1782870	0
Moumouvirus	SRR1782871	0
Moumouvirus	SRR1782872	0
Moumouvirus	SRR1782873	0
Moumouvirus	SRR1782874	0
Moumouvirus	SRR1782875	0
Moumouvirus	SRR1782876	0
Moumouvirus	SRR1782877	0
Moumouvirus	SRR1782878	0
Moumouvirus	SRR1782879	0
Moumouvirus	SRR1782880	0
Moumouvirus	SRR1782881	0
Moumouvirus	SRR1782882	0
Moumouvirus	SRR1782883	0
Moumouvirus	SRR1782884	0
Moumouvirus	SRR1782885	0
Moumouvirus	SRR1782886	0
Moumouvirus	SRR1782887	0
Moumouvirus	SRR1782888	0
Moumouvirus	SRR1782889	0
Moumouvirus	SRR1782890	0
Moumouvirus	SRR1782891	0
Moumouvirus	SRR1782892	0
Moumouvirus	SRR1782893	0
Moumouvirus	SRR1782894	0
Moumouvirus	SRR1782895	0
Moumouvirus	SRR1782896	0
Moumouvirus	SRR1782897	0
Moumouvirus	SRR1782898	0
Moumouvirus	SRR1782899	0
Moumouvirus	SRR1782900	0
Moumouvirus	SRR1782901	0
Moumouvirus	SRR1782902	0
Moumouvirus	SRR1782903	0
Moumouvirus	SRR1782904	0
Moumouvirus	SRR1782905	0
Moumouvirus	SRR1782906	0
Moumouvirus	SRR1782907	0
Moumouvirus	SRR1782908	0
Moumouvirus	SRR1782909	0
Moumouvirus	SRR1782910	0
Moumouvirus	SRR1782911	0
Moumouvirus	SRR1782912	0
Moumouvirus	SRR1782913	0
Moumouvirus	SRR1782914	0
Moumouvirus	SRR1782915	0
Moumouvirus	SRR1782916	0
Moumouvirus	SRR1782917	0
Moumouvirus	SRR1782918	0
Moumouvirus	SRR1782919	0
Moumouvirus	SRR1782920	0
Moumouvirus	SRR1782921	0
Moumouvirus	SRR1782922	0
Moumouvirus	SRR1782923	0
Moumouvirus	SRR1782924	0
Moumouvirus	SRR1782925	0
Moumouvirus	SRR1782926	0
Moumouvirus	SRR1782927	0
Moumouvirus	SRR1782928	0
Moumouvirus	SRR1782929	0
Moumouvirus	SRR1782930	0
Moumouvirus	SRR1782931	0
Moumouvirus	SRR1782932	0
Moumouvirus	SRR1782933	0
Moumouvirus	SRR1782934	0
Moumouvirus	SRR1782935	0
Moumouvirus	SRR1782936	0
Moumouvirus	SRR1782937	0
Moumouvirus	SRR1782938	0
Moumouvirus	SRR1782939	0
Moumouvirus	SRR1782940	0
Moumouvirus	SRR1782941	0
Moumouvirus	SRR1782942	0
Moumouvirus	SRR1782943	0
Moumouvirus	SRR1782944	0
Moumouvirus	SRR1782945	0
Moumouvirus	SRR1782946	0
Moumouvirus	SRR1782947	0
Moumouvirus	SRR1782948	0
Moumouvirus	SRR1782949	0
Moumouvirus	SRR1782950	0
Moumouvirus	SRR1782951	0
Moumouvirus	SRR1782952	0
Moumouvirus	SRR1782953	0
Moumouvirus	SRR1782954	0
Moumouvirus	SRR1782955	0
Moumouvirus	SRR1782956	0
Moumouvirus	SRR1782957	0
Moumouvirus	SRR1782958	0
Moumouvirus	SRR1782959	0
Moumouvirus	SRR1782960	0
Moumouvirus	SRR1782961	0
Moumouvirus	SRR1782962	0
Moumouvirus	SRR1782963	0
Moumouvirus	SRR1782964	0
Moumouvirus	SRR1782965	0
Moumouvirus	SRR1782966	0
Moumouvirus	SRR1782967	0
Moumouvirus	SRR1782968	0
Moumouvirus	SRR1782969	0
Moumouvirus	SRR1782970	0
Moumouvirus	SRR1782971	0
Moumouvirus	SRR1782972	0
Moumouvirus	SRR1782973	0
Moumouvirus	SRR1782974	0
Moumouvirus	SRR1782975	0
Moumouvirus	SRR1782976	0
Moumouvirus	SRR1782977	0
Moumouvirus	SRR1782978	0
Moumouvirus	SRR1782979	0
Moumouvirus	SRR1782980	0
Moumouvirus	SRR1782981	0
Moumouvirus	SRR1782982	0
Moumouvirus	SRR1782983	0
Moumouvirus	SRR1782984	0
Moumouvirus	SRR1782985	0
Moumouvirus	SRR1782986	0
Moumouvirus	SRR1782987	0
Moumouvirus	SRR1782988	0
Moumouvirus	SRR1782989	0
Moumouvirus	SRR1782990	0
Moumouvirus	SRR1782991	0
Moumouvirus	SRR1782992	0
Moumouvirus	SRR1782993	0
Moumouvirus	SRR1782994	0
Moumouvirus	SRR1782995	0
Moumouvirus	SRR1782996	0
Moumouvirus	SRR1782997	0
Moumouvirus	SRR1782998	0
Moumouvirus	SRR1782999	0
Moumouvirus	SRR1783000	0
Moumouvirus	SRR1783001	0
Moumouvirus	SRR1783002	0
Moumouvirus	SRR1783003	0
Moumouvirus	SRR1783004	0
Moumouvirus	SRR1783005	0
Moumouvirus	SRR1783006	0
Moumouvirus	SRR1813867	NA
Moumouvirus	SRR1813868	NA
Moumouvirus	SRR1813869	NA
Moumouvirus	SRR1813870	NA
Moumouvirus	SRR1813871	NA
Moumouvirus	SRR1813872	NA
Moumouvirus	SRR1813873	NA
Moumouvirus	SRR1813874	NA
Moumouvirus	SRR1813875	NA
Moumouvirus	SRR1813876	NA
Moumouvirus	SRR1813877	NA
Moumouvirus	SRR1813878	NA
Moumouvirus	SRR1813879	NA
Moumouvirus	SRR1813880	NA
Moumouvirus	SRR1813881	NA
Moumouvirus	SRR1813882	NA
Moumouvirus	SRR1813883	NA
Moumouvirus	SRR1813884	NA
Moumouvirus	SRR1813885	NA
Moumouvirus	SRR1813886	NA
Moumouvirus	SRR1813887	NA
Moumouvirus	SRR1928188	NA
Moumouvirus	SRR1928189	NA
Moumouvirus	SRR1928190	NA
Moumouvirus	SRR1928191	NA
Moumouvirus	SRR1928192	NA
Moumouvirus	SRR1928193	NA
Moumouvirus	SRR2046996	0
Moumouvirus	SRR2046997	0
Moumouvirus	SRR2046998	0
Moumouvirus	SRR2046999	0
Moumouvirus	SRR2047000	0
Moumouvirus	SRR2047001	0
Moumouvirus	SRR2047002	0
Moumouvirus	SRR2047003	0
Moumouvirus	SRR2047004	0
Moumouvirus	SRR2047005	0
Moumouvirus	SRR2047006	0
Moumouvirus	SRR2047007	0
Moumouvirus	SRR2047008	0
Moumouvirus	SRR2047009	0
Moumouvirus	SRR2313973	NA
Moumouvirus	SRR2313974	NA
Moumouvirus	SRR2313975	NA
Moumouvirus	SRR2313976	NA
Moumouvirus	SRR2313977	NA
Moumouvirus	SRR2313978	NA
Moumouvirus	SRR2313979	NA
Moumouvirus	SRR2313980	NA
Moumouvirus	SRR2313981	NA
Moumouvirus	SRR2313982	NA
Moumouvirus	SRR2313983	NA
Moumouvirus	SRR2313984	NA
Moumouvirus	SRR2313985	NA
Moumouvirus	SRR2313986	NA
Moumouvirus	SRR2313987	NA
Moumouvirus	SRR2313988	NA
Moumouvirus	SRR2313989	NA
Moumouvirus	SRR2313990	NA
Moumouvirus	SRR2313991	NA
Moumouvirus	SRR2313992	NA
Moumouvirus	SRR2313993	NA
Moumouvirus	SRR2313994	NA
Moumouvirus	SRR2313995	NA
Moumouvirus	SRR2313996	NA
Moumouvirus	SRR2313997	NA
Moumouvirus	SRR2313998	NA
Moumouvirus	SRR2313999	NA
Moumouvirus	SRR2314000	NA
Moumouvirus	SRR2314001	NA
Moumouvirus	SRR2314002	NA
Moumouvirus	SRR2314003	NA
Moumouvirus	SRR2314004	NA
Moumouvirus	SRR2314005	NA
Moumouvirus	SRR2314006	NA
Moumouvirus	SRR2314007	NA
Moumouvirus	SRR2314008	NA
Moumouvirus	SRR2314009	NA
Moumouvirus	SRR2314010	NA
Moumouvirus	SRR2314011	NA
Moumouvirus	SRR2314012	NA
Moumouvirus	SRR2314013	NA
Moumouvirus	SRR2314014	NA
Moumouvirus	SRR2314015	NA
Moumouvirus	SRR2314016	NA
Moumouvirus	SRR2314017	NA
Moumouvirus	SRR2314018	NA
Moumouvirus	SRR2314019	NA
Moumouvirus	SRR2314020	NA
Moumouvirus	SRR2314021	NA
Moumouvirus	SRR2314022	NA
Moumouvirus	SRR2314023	NA
Moumouvirus	SRR2314024	NA
Moumouvirus	SRR2314025	NA
Moumouvirus	SRR2314026	NA
Moumouvirus	SRR2314027	NA
Moumouvirus	SRR2314028	NA
Moumouvirus	SRR2314029	NA
Moumouvirus	SRR2314030	NA
Moumouvirus	SRR2314031	NA
Moumouvirus	SRR2314032	NA
Moumouvirus	SRR2314033	NA
Moumouvirus	SRR2314034	NA
Moumouvirus	SRR2314035	NA
Moumouvirus	SRR2314036	NA
Moumouvirus	SRR2314037	NA
Moumouvirus	SRR2314038	NA
Moumouvirus	SRR2314039	NA
Moumouvirus	SRR2314040	NA
Moumouvirus	SRR2314041	NA
Moumouvirus	SRR2314042	NA
Moumouvirus	SRR2314043	NA
Moumouvirus	SRR2314044	NA
Moumouvirus	SRR2314045	NA
Moumouvirus	SRR3493774	0
Moumouvirus	SRR3493775	0
Moumouvirus	SRR3493776	0
Moumouvirus	SRR3493777	0
Moumouvirus	SRR3493778	0
Moumouvirus	SRR3493779	0
Moumouvirus	SRR3493780	0
Moumouvirus	SRR3493781	0
Moumouvirus	SRR3493782	0
Moumouvirus	SRR3493783	0
Moumouvirus	SRR3493784	0
Moumouvirus	SRR3493785	0
Moumouvirus	SRR3493786	0
Moumouvirus	SRR3493787	0
Moumouvirus	SRR3493788	0
Moumouvirus	SRR3493789	0
Moumouvirus	SRR3493790	0
Moumouvirus	SRR3493791	0
Moumouvirus	SRR3493792	0
Moumouvirus	SRR3493793	0
Moumouvirus	SRR3493794	0
Moumouvirus	SRR3493795	0
Moumouvirus	SRR3493796	0
Moumouvirus	SRR3493797	0
Moumouvirus	SRR3493798	0
Moumouvirus	SRR3493799	0
Moumouvirus	SRR3493800	0
Moumouvirus	SRR3493801	0
Moumouvirus	SRR3493802	0
Moumouvirus	SRR3493803	0
Moumouvirus	SRR3493804	0
Moumouvirus	SRR3493805	0
Moumouvirus	SRR3493806	0
Moumouvirus	SRR3493807	0
Moumouvirus	SRR3493808	1
Moumouvirus	SRR3493809	0
Moumouvirus	SRR3493810	0
Moumouvirus	SRR3493811	0
Moumouvirus	SRR3493812	0
Moumouvirus	SRR3493813	0
Moumouvirus	SRR3493814	0
Moumouvirus	SRR3493815	0
Moumouvirus	SRR3493816	0
Moumouvirus	SRR3493817	0
Moumouvirus	SRR3493818	0
Moumouvirus	SRR3493819	0
Moumouvirus	SRR3493820	0
Moumouvirus	SRR3493821	0
Moumouvirus	SRR3493822	0
Moumouvirus	SRR3493823	0
Moumouvirus	SRR3493824	0
Moumouvirus	SRR3493825	0
Moumouvirus	SRR3493826	0
Moumouvirus	SRR3493827	0
Moumouvirus	SRR3493828	0
Moumouvirus	SRR3493829	0
Moumouvirus	SRR3493830	0
Moumouvirus	SRR3493831	0
Moumouvirus	SRR3493832	0
Moumouvirus	SRR3493833	0
Moumouvirus	SRR3493834	0
Moumouvirus	SRR3493835	0
Moumouvirus	SRR3493836	0
Moumouvirus	SRR3493837	0
Moumouvirus	SRR3493838	0
Moumouvirus	SRR3493839	0
Moumouvirus	SRR3493840	0
Moumouvirus	SRR3493841	0
Moumouvirus	SRR3493846	0
Moumouvirus	SRR3493847	0
Moumouvirus	SRR3493848	0
Moumouvirus	SRR3493849	0
Moumouvirus	SRR3493850	0
Moumouvirus	SRR3714631	0
Moumouvirus	SRR3714632	0
Moumouvirus	SRR3714633	0
Moumouvirus	SRR3714634	0
Moumouvirus	SRR3714635	0
Moumouvirus	SRR3714636	0
Moumouvirus	SRR3714637	0
Moumouvirus	SRR3714638	0
Moumouvirus	SRR3714639	0
Moumouvirus	SRR3714640	0
Moumouvirus	SRR3714641	0
Moumouvirus	SRR3714642	0
Moumouvirus	SRR3714643	0
Moumouvirus	SRR3714644	0
Moumouvirus	SRR3714645	0
Moumouvirus	SRR3714646	0
Moumouvirus	SRR3714648	0
Moumouvirus	SRR3714649	0
Moumouvirus	SRR3714650	0
Moumouvirus	SRR3714651	0
Moumouvirus	SRR3714652	0
Moumouvirus	SRR3714653	0
Moumouvirus	SRR3714654	0
Moumouvirus	SRR3714655	0
Moumouvirus	SRR3714656	0
Moumouvirus	SRR3714657	2
Moumouvirus	SRR3714658	0
Moumouvirus	SRR3714659	0
Moumouvirus	SRR3714660	0
Moumouvirus	SRR3714661	0
Moumouvirus	SRR3714662	0
Moumouvirus	SRR3714663	0
Moumouvirus	SRR3714664	0
Moumouvirus	SRR3714665	0
Moumouvirus	SRR3714666	0
Moumouvirus	SRR3714667	0
Moumouvirus	SRR3714668	0
Moumouvirus	SRR3714669	0
Moumouvirus	SRR3714670	0
Moumouvirus	SRR3714671	0
Moumouvirus	SRR3714672	0
Moumouvirus	SRR3714673	0
Moumouvirus	SRR3714674	0
Moumouvirus	SRR3714675	0
Moumouvirus	SRR3714676	0
Moumouvirus	SRR3714677	0
Moumouvirus	SRR3714678	0
Moumouvirus	SRR3714679	0
Moumouvirus	SRR3714680	0
Moumouvirus	SRR3714681	0
Moumouvirus	SRR3714682	0
Moumouvirus	SRR3714683	0
Moumouvirus	SRR3714684	0
Moumouvirus	SRR3714685	0
Moumouvirus	SRR3714686	0
Moumouvirus	SRR3714688	0
Moumouvirus	SRR3714689	0
Moumouvirus	SRR3714690	0
Moumouvirus	SRR3714691	0
Moumouvirus	SRR3714692	0
Moumouvirus	SRR3714693	0
Moumouvirus	SRR3714694	0
Moumouvirus	SRR3714695	0
Moumouvirus	SRR3714696	0
Moumouvirus	SRR3714697	0
Moumouvirus	SRR3714698	0
Moumouvirus	SRR3714699	0
Moumouvirus	SRR3714700	0
Moumouvirus	SRR3714701	0
Moumouvirus	SRR3714702	0
Moumouvirus	SRR3714703	0
Moumouvirus	SRR3714704	0
Moumouvirus	SRR3714705	0
Moumouvirus	SRR3714706	0
Moumouvirus	SRR3714707	0
Moumouvirus	SRR3714708	0
Moumouvirus	SRR3714709	0
Moumouvirus	SRR3714710	0
Moumouvirus	SRR3714711	0
Moumouvirus	SRR3714712	0
Moumouvirus	SRR3714713	0
Moumouvirus	SRR3714714	0
Moumouvirus	SRR3714715	0
Moumouvirus	SRR3714716	0
Moumouvirus	SRR3714717	0
Moumouvirus	SRR3714718	0
Moumouvirus	SRR3714719	0
Moumouvirus	SRR3714720	0
Moumouvirus	SRR3714721	0
Moumouvirus	SRR3714723	0
Moumouvirus	SRR3714724	0
Moumouvirus	SRR3714725	0
Moumouvirus	SRR3714726	0
Moumouvirus	SRR3714727	0
Moumouvirus	SRR3714728	0
Moumouvirus	SRR3714729	0
Moumouvirus	SRR3714730	0
Moumouvirus	SRR3714731	0
Moumouvirus	SRR3714732	0
Moumouvirus	SRR3714734	0
Moumouvirus	SRR3714735	0
Moumouvirus	SRR3714736	0
Moumouvirus	SRR3714737	0
Moumouvirus	SRR3714738	0
Moumouvirus	SRR3714739	0
Moumouvirus	SRR3714740	0
Moumouvirus	SRR3714741	0
Moumouvirus	SRR3714744	0
Moumouvirus	SRR3714745	0
Moumouvirus	SRR3714746	0
Moumouvirus	SRR3714747	0
Moumouvirus	SRR3714748	0
Moumouvirus	SRR3714749	0
Moumouvirus	SRR3714750	0
Moumouvirus	SRR3714751	0
Moumouvirus	SRR3714752	0
Moumouvirus	SRR3714753	0
Moumouvirus	SRR3714754	0
Moumouvirus	SRR3714755	0
Moumouvirus	SRR3714756	0
Moumouvirus	SRR3714757	0
Moumouvirus	SRR3714758	0
Moumouvirus	SRR3714759	0
Moumouvirus	SRR3714760	0
Moumouvirus	SRR3714761	0
Moumouvirus	SRR3714762	0
Moumouvirus	SRR3714764	0
Moumouvirus	SRR3714765	0
Moumouvirus	SRR3714766	0
Moumouvirus	SRR3714767	0
Moumouvirus	SRR3714768	0
Moumouvirus	SRR5176628	0
Moumouvirus	SRR5176629	0
Moumouvirus	SRR5176630	0
Moumouvirus	SRR5176631	0
Moumouvirus	SRR5176632	0
Moumouvirus	SRR5176633	0
Moumouvirus	SRR5176634	0
Moumouvirus	SRR5176635	0
Moumouvirus	SRR5176636	0
Moumouvirus	SRR5176637	0
Moumouvirus	SRR5176638	0
Moumouvirus	SRR5176639	0
Moumouvirus	SRR5176640	0
Moumouvirus	SRR5176641	0
Moumouvirus	SRR5176642	0
Moumouvirus	SRR5176643	0
Moumouvirus	SRR5176644	0
Moumouvirus	SRR5176645	0
Moumouvirus	SRR5176646	0
Moumouvirus	SRR5176647	0
Moumouvirus	SRR5176648	0
Moumouvirus	SRR5176649	0
Moumouvirus	SRR5176650	0
Moumouvirus	SRR5176651	0
Moumouvirus	SRR5176652	0
Moumouvirus	SRR5176653	0
Moumouvirus	SRR5176654	0
Moumouvirus	SRR5176655	0
Moumouvirus	SRR5176656	0
Moumouvirus	SRR5176657	0
Moumouvirus	SRR5176658	0
Moumouvirus	SRR5176659	0
Moumouvirus	SRR5176660	0
Moumouvirus	SRR5176661	0
Moumouvirus	SRR5176662	0
Moumouvirus	SRR5176663	0
Moumouvirus	SRR5176664	0
Moumouvirus	SRR5176665	0
Moumouvirus	SRR5176666	0
Moumouvirus	SRR5176667	0
Moumouvirus	SRR5176668	0
Moumouvirus	SRR5176669	0
Moumouvirus	SRR5176670	0
Moumouvirus	SRR5176671	0
Moumouvirus	SRR5176672	0
Moumouvirus	SRR5176673	0
Moumouvirus	SRR5176674	0
Moumouvirus	SRR5176675	0
Moumouvirus	SRR5176676	0
Moumouvirus	SRR5176677	0
Moumouvirus	SRR5176678	0
Moumouvirus	SRR5176679	0
Moumouvirus	SRR5176680	0
Moumouvirus	SRR5176681	0
Moumouvirus	SRR5176682	0
Moumouvirus	SRR5176683	0
Moumouvirus	SRR5176684	0
Moumouvirus	SRR5176685	0
Moumouvirus	SRR5176686	0
Moumouvirus	SRR5176687	0
Moumouvirus	SRR5176688	0
Moumouvirus	SRR5176689	0
Moumouvirus	SRR5176690	0
Moumouvirus	SRR5176691	0
Moumouvirus	SRR5176692	0
Moumouvirus	SRR5176693	0
Moumouvirus	SRR5176694	0
Moumouvirus	SRR5176695	0
Moumouvirus	SRR5176696	0
Moumouvirus	SRR5176697	0
Moumouvirus	SRR5176698	0
Moumouvirus	SRR5176699	0
Moumouvirus	SRR5176700	0
Moumouvirus	SRR5176701	0
Moumouvirus	SRR5176702	0
Moumouvirus	SRR5176703	0
Moumouvirus	SRR5176704	0
Moumouvirus	SRR5176705	0
Moumouvirus	SRR5176706	0
Moumouvirus	SRR5176707	0
Moumouvirus	SRR5176708	0
Moumouvirus	SRR5176709	0
Moumouvirus	SRR5176710	0
Moumouvirus	SRR5176711	0
Moumouvirus	SRR5176712	0
Moumouvirus	SRR5176713	0
Moumouvirus	SRR5176714	0
Moumouvirus	SRR5176715	0
Moumouvirus	SRR5176716	0
Moumouvirus	SRR5176717	0
Moumouvirus	SRR5176718	0
Moumouvirus	SRR5176719	0
Moumouvirus	SRR5176720	0
Moumouvirus	SRR5176721	0
Moumouvirus	SRR5176722	0
Moumouvirus	SRR5176723	0
Moumouvirus	SRR5176724	0
Moumouvirus	SRR5176725	0
Moumouvirus	SRR5176726	0
Moumouvirus	SRR5176727	0
Moumouvirus	SRR5176728	0
Moumouvirus	SRR5176729	0
Moumouvirus	SRR5176730	0
Moumouvirus	SRR5176731	0
Moumouvirus	SRR5176732	0
Moumouvirus	SRR5176733	0
Moumouvirus	SRR5176734	0
Moumouvirus	SRR5176735	0
Moumouvirus	SRR5176736	0
Moumouvirus	SRR5176737	0
Moumouvirus	SRR5176738	0
Moumouvirus	SRR5176739	0
Moumouvirus	SRR5176740	0
Moumouvirus	SRR5176741	0
Moumouvirus	SRR5176742	0
Moumouvirus	SRR5176743	0
Moumouvirus	SRR5176744	0
Moumouvirus	SRR5176745	0
Moumouvirus	SRR5176746	0
Moumouvirus	SRR5176747	0
Moumouvirus	SRR5176748	0
Moumouvirus	SRR5176749	0
Moumouvirus	SRR5176750	0
Moumouvirus	SRR5176751	0
Moumouvirus	SRR5176752	0
Moumouvirus	SRR5176753	0
Moumouvirus	SRR5176754	0
Moumouvirus	SRR5176755	0
Moumouvirus	SRR5176756	0
Moumouvirus	SRR5176757	0
Moumouvirus	SRR5176758	0
Moumouvirus	SRR5176759	0
Moumouvirus	SRR5176760	0
Moumouvirus	SRR5176761	0
Moumouvirus	SRR5176762	0
Moumouvirus	SRR5176763	0
Moumouvirus	SRR5176764	0
Moumouvirus	SRR5176765	0
Moumouvirus	SRR5176766	0
Moumouvirus	SRR5176767	0
Moumouvirus	SRR5176768	0
Moumouvirus	SRR5176769	0
Moumouvirus	SRR5176770	0
Moumouvirus	SRR5176771	0
Moumouvirus	SRR5176772	0
Moumouvirus	SRR5176773	0
Moumouvirus	SRR5176774	0
Moumouvirus	SRR5176775	0
Moumouvirus	SRR5176776	0
Moumouvirus	SRR5176777	0
Moumouvirus	SRR5176778	0
Moumouvirus	SRR5176779	0
Moumouvirus	SRR5176780	0
Moumouvirus	SRR5176781	0
Moumouvirus	SRR5176782	0
Moumouvirus	SRR5176783	0
Moumouvirus	SRR5176784	0
Moumouvirus	SRR5176785	0
Moumouvirus	SRR5176786	0
Moumouvirus	SRR5176787	0
Moumouvirus	SRR5176788	0
Moumouvirus	SRR5176789	0
Moumouvirus	SRR5176790	0
Moumouvirus	SRR5176791	0
Moumouvirus	SRR5176792	0
Moumouvirus	SRR5176793	0
Moumouvirus	SRR5176794	0
Moumouvirus	SRR5176795	0
Moumouvirus	SRR5176796	0
Moumouvirus	SRR5176797	0
Moumouvirus	SRR5176798	0
Moumouvirus	SRR5176799	0
Moumouvirus	SRR5176800	0
Moumouvirus	SRR5176801	0
Moumouvirus	SRR5176802	0
Moumouvirus	SRR5176803	0
Moumouvirus	SRR5176804	0
Moumouvirus	SRR5176805	0
Moumouvirus	SRR5176806	0
Moumouvirus	SRR5176807	0
Moumouvirus	SRR5176808	0
Moumouvirus	SRR5176809	0
Moumouvirus	SRR5176810	0
Moumouvirus	SRR5176811	0
Moumouvirus	SRR5176812	0
Moumouvirus	SRR5176813	0
Moumouvirus	SRR5176814	0
Moumouvirus	SRR5176815	0
Moumouvirus	SRR5176816	0
Moumouvirus	SRR5176817	0
Moumouvirus	SRR5176818	0
Moumouvirus	SRR5176819	0
Moumouvirus	SRR5176820	0
Moumouvirus	SRR5176821	0
Moumouvirus	SRR5176822	0
Moumouvirus	SRR5176823	0
Moumouvirus	SRR5176824	0
Moumouvirus	SRR5176825	0
Moumouvirus	SRR5176826	0
Moumouvirus	SRR5176827	0
Moumouvirus	SRR5176828	0
Moumouvirus	SRR5176829	0
Moumouvirus	SRR5176830	0
Moumouvirus	SRR5176831	0
Moumouvirus	SRR5176832	0
Moumouvirus	SRR5176833	0
Moumouvirus	SRR5176834	0
Moumouvirus	SRR5176835	0
Moumouvirus	SRR5176836	0
Moumouvirus	SRR5176837	0
Moumouvirus	SRR5176838	0
Moumouvirus	SRR5176839	0
Moumouvirus	SRR5176840	0
Moumouvirus	SRR5176841	0
Moumouvirus	SRR5176842	0
Moumouvirus	SRR5176843	0
Moumouvirus	SRR5176844	0
Moumouvirus	SRR5176845	0
Moumouvirus	SRR5176846	0
Moumouvirus	SRR5176847	0
Moumouvirus	SRR5176848	0
Moumouvirus	SRR5176849	0
Moumouvirus	SRR5176850	0
Moumouvirus	SRR5176851	0
Moumouvirus	SRR5176852	0
Moumouvirus	SRR5176853	0
Moumouvirus	SRR5176854	0
Moumouvirus	SRR5176855	0
Moumouvirus	SRR5176856	0
Moumouvirus	SRR5176857	0
Moumouvirus	SRR5176858	0
Moumouvirus	SRR5176859	0
Moumouvirus	SRR5176860	0
Moumouvirus	SRR5176861	0
Moumouvirus	SRR5176862	0
Moumouvirus	SRR5176863	0
Moumouvirus	SRR5176864	0
Moumouvirus	SRR5176865	0
Moumouvirus	SRR5176866	0
Moumouvirus	SRR5176867	0
Moumouvirus	SRR5176868	0
Moumouvirus	SRR5176869	0
Moumouvirus	SRR5176870	0
Moumouvirus	SRR5176871	0
Moumouvirus	SRR5176872	0
Moumouvirus	SRR5861974	NA
Moumouvirus	SRR5861975	NA
Moumouvirus	SRR5861976	NA
Moumouvirus	SRR5861977	NA
Moumouvirus	SRR5861978	NA
Moumouvirus	SRR5861979	NA
Moumouvirus	SRR5861980	NA
Moumouvirus	SRR5861981	NA
Moumouvirus	SRR5861982	NA
Moumouvirus	SRR5861983	NA
Moumouvirus	SRR5861984	NA
Moumouvirus	SRR5861985	NA
Moumouvirus	SRR5861986	NA
Moumouvirus	SRR5861987	NA
Moumouvirus	SRR5861988	NA
Moumouvirus	SRR5861989	NA
Moumouvirus	SRR5861990	NA
Moumouvirus	SRR5861991	NA
Moumouvirus	SRR5861992	NA
Moumouvirus	SRR5861993	NA
Moumouvirus	SRR5861994	NA
Moumouvirus	SRR5861995	NA
Moumouvirus	SRR5861996	NA
Moumouvirus	SRR5861997	NA
Moumouvirus	SRR5861998	NA
Moumouvirus	SRR5861999	NA
Moumouvirus	SRR5862000	NA
Moumouvirus	SRR5862001	NA
Moumouvirus	SRR5862002	NA
Moumouvirus	SRR5862003	NA
Moumouvirus	SRR5862004	NA
Moumouvirus	SRR5862005	NA
Moumouvirus	SRR5862006	NA
Moumouvirus	SRR5862007	NA
Moumouvirus	SRR5862008	NA
Moumouvirus	SRR5862009	NA
Moumouvirus	SRR5862010	NA
Moumouvirus	SRR5862011	NA
Moumouvirus	SRR5862012	NA
Moumouvirus	SRR5862013	NA
Moumouvirus	SRR5862014	NA
Moumouvirus	SRR5862015	NA
Moumouvirus	SRR5862016	NA
Moumouvirus	SRR5862017	NA
Moumouvirus	SRR5862018	NA
Moumouvirus	SRR5862019	NA
Moumouvirus	SRR5862020	NA
Moumouvirus	SRR5862021	NA
Moumouvirus	SRR5862022	NA
Moumouvirus	SRR5862023	NA
Moumouvirus	SRR5862024	NA
Moumouvirus	SRR5862025	NA
Moumouvirus	SRR5862026	NA
Moumouvirus	SRR5862027	NA
Moumouvirus	SRR5862028	NA
Moumouvirus	SRR5862029	NA
Moumouvirus	SRR5862030	NA
Moumouvirus	SRR5862031	NA
Moumouvirus	SRR5862032	NA
Moumouvirus	SRR5862033	NA
Moumouvirus	SRR5862034	NA
Moumouvirus	SRR5862035	NA
Moumouvirus	SRR5862036	NA
Moumouvirus	SRR5862037	NA
Moumouvirus	SRR5862038	NA
Moumouvirus	SRR5862039	NA
Moumouvirus	SRR5862040	NA
Moumouvirus	SRR5862041	NA
Moumouvirus	SRR5862042	NA
Moumouvirus	SRR5862043	NA
Moumouvirus	SRR5862044	NA
Moumouvirus	SRR5862045	NA
Moumouvirus	SRR5862046	NA
Moumouvirus	SRR5862047	NA
Moumouvirus	SRR5862048	NA
Moumouvirus	SRR5862049	NA
Moumouvirus	SRR5862050	NA
Moumouvirus	SRR5862051	NA
Moumouvirus	SRR5862052	NA
Moumouvirus	SRR5862053	NA
Moumouvirus	SRR5862054	NA
Moumouvirus	SRR5862055	NA
Moumouvirus	SRR5862056	NA
Moumouvirus	SRR5862057	NA
Moumouvirus	SRR5862058	NA
Moumouvirus	SRR5862059	NA
Moumouvirus	SRR5862060	NA
Moumouvirus	SRR5862061	NA
Moumouvirus	SRR5862062	NA
Moumouvirus	SRR5862063	NA
Moumouvirus	SRR5862064	NA
Moumouvirus	SRR5862065	NA
Moumouvirus	SRR5862066	NA
Moumouvirus	SRR5862067	NA
Moumouvirus	SRR5862068	NA
Moumouvirus	SRR5862069	NA
Moumouvirus	SRR5862070	NA
Moumouvirus	SRR5862071	NA
Moumouvirus	SRR5862072	NA
Moumouvirus	SRR5862073	NA
Moumouvirus	SRR5862074	NA
Moumouvirus	SRR5862075	NA
Moumouvirus	SRR5862076	NA
Moumouvirus	SRR5862077	NA
Moumouvirus	SRR5862078	NA
Moumouvirus	SRR5862079	NA
Moumouvirus	SRR5862080	NA
Moumouvirus	SRR5862081	NA
Moumouvirus	SRR5862082	NA
Moumouvirus	SRR5862083	NA
Moumouvirus	SRR5862084	NA
Moumouvirus	SRR5862085	NA
Moumouvirus	SRR5862086	NA
Moumouvirus	SRR5862087	NA
Moumouvirus	SRR5862088	NA
Moumouvirus	SRR5862089	NA
Moumouvirus	SRR5862090	NA
Moumouvirus	SRR5862091	NA
Moumouvirus	SRR5862092	NA
Moumouvirus	SRR5862093	NA
Moumouvirus	SRR5862094	NA
Moumouvirus	SRR5862095	NA
Moumouvirus	SRR5862096	NA
Moumouvirus	SRR5862097	NA
Moumouvirus	SRR5862098	NA
Moumouvirus	SRR5862099	NA
Moumouvirus	SRR5862100	NA
Moumouvirus	SRR5862101	NA
Moumouvirus	SRR5862102	NA
Moumouvirus	SRR5862103	NA
Moumouvirus	SRR5862104	NA
Moumouvirus	SRR5862105	NA
Moumouvirus	SRR5862106	NA
Moumouvirus	SRR5862107	NA
Moumouvirus	SRR5862108	NA
Moumouvirus	SRR5862109	NA
Moumouvirus	SRR5862110	NA
Moumouvirus	SRR5862111	NA
Moumouvirus	SRR5862112	NA
Moumouvirus	SRR5862113	NA
Moumouvirus	SRR5862114	NA
Moumouvirus	SRR5862115	NA
Moumouvirus	SRR5862116	NA
Moumouvirus	SRR5862117	NA
Moumouvirus	SRR5862118	NA
Moumouvirus	SRR5862119	NA
Moumouvirus	SRR5862120	NA
Moumouvirus	SRR5862121	NA
Moumouvirus	SRR5862122	NA
Moumouvirus	SRR5862123	NA
Moumouvirus	SRR5862124	NA
Moumouvirus	SRR5862125	NA
Moumouvirus	SRR5862126	NA
Moumouvirus	SRR5862127	NA
Moumouvirus	SRR5862128	NA
Moumouvirus	SRR5862129	NA
Moumouvirus	SRR5862130	NA
Moumouvirus	SRR5862131	NA
Moumouvirus	SRR5862132	NA
Moumouvirus	SRR5862133	NA
Moumouvirus	SRR5862134	NA
Moumouvirus	SRR5862135	NA
Moumouvirus	SRR5862136	NA
Moumouvirus	SRR5862137	NA
Moumouvirus	SRR5862138	NA
Moumouvirus	SRR5862139	NA
Moumouvirus	SRR5862140	NA
Moumouvirus	SRR5862141	NA
Moumouvirus	SRR5862142	NA
Moumouvirus	SRR5862143	NA
Moumouvirus	SRR5862144	NA
Moumouvirus	SRR5862145	NA
Moumouvirus	SRR5862146	NA
Moumouvirus	SRR5862147	NA
Moumouvirus	SRR5862148	NA
Moumouvirus	SRR5862149	NA
Moumouvirus	SRR5862150	NA
Moumouvirus	SRR5862151	NA
Moumouvirus	SRR5862152	NA
Moumouvirus	SRR5862153	NA
Moumouvirus	SRR5862154	NA
Moumouvirus	SRR5862155	NA
Moumouvirus	SRR5862156	NA
Moumouvirus	SRR5862157	NA
Moumouvirus	SRR5862158	NA
Moumouvirus	SRR5862159	NA
Moumouvirus	SRR5862160	NA
Moumouvirus	SRR5862161	NA
Moumouvirus	SRR5862162	NA
Moumouvirus	SRR5862163	NA
Moumouvirus	SRR5862164	NA
Moumouvirus	SRR5862165	NA
Moumouvirus	SRR5862166	NA
Moumouvirus	SRR5862167	NA
Moumouvirus	SRR5862168	NA
Moumouvirus	SRR5862169	NA
Moumouvirus	SRR5862170	NA
Moumouvirus	SRR5862171	NA
Moumouvirus	SRR5862172	NA
Moumouvirus	SRR5862173	NA
Moumouvirus	SRR5862174	NA
Moumouvirus	SRR5862175	NA
Moumouvirus	SRR5862176	NA
Moumouvirus	SRR5862177	NA
Moumouvirus	SRR5862178	NA
Moumouvirus	SRR5862179	NA
Moumouvirus	SRR5862180	NA
Moumouvirus	SRR5862181	NA
Moumouvirus	SRR5862182	NA
Moumouvirus	SRR5862183	NA
Moumouvirus	SRR5862184	NA
Moumouvirus	SRR5862185	NA
Moumouvirus	SRR5862186	NA
Moumouvirus	SRR5862187	NA
Moumouvirus	SRR5862188	NA
Moumouvirus	SRR5862189	NA
Moumouvirus	SRR5862190	NA
Moumouvirus	SRR5862191	NA
Moumouvirus	SRR5862192	NA
Moumouvirus	SRR5862193	NA
Moumouvirus	SRR5862194	NA
Moumouvirus	SRR5862195	NA
Moumouvirus	SRR5862196	NA
Moumouvirus	SRR5862197	NA
Moumouvirus	SRR5862198	NA
Moumouvirus	SRR5862199	NA
Moumouvirus	SRR5862200	NA
Moumouvirus	SRR5862201	NA
Moumouvirus	SRR5862202	NA
Moumouvirus	SRR5862203	NA
Moumouvirus	SRR5862204	NA
Moumouvirus	SRR5862205	NA
Moumouvirus	SRR5862206	NA
Moumouvirus	SRR5862207	NA
Moumouvirus	SRR5862208	NA
Moumouvirus	SRR5862209	NA
Moumouvirus	SRR5862210	NA
Moumouvirus	SRR5862211	NA
Moumouvirus	SRR5862212	NA
Moumouvirus	SRR5862213	NA
Moumouvirus	SRR5862214	NA
Moumouvirus	SRR5862215	NA
Moumouvirus	SRR5862216	NA
Moumouvirus	SRR5862217	NA
Moumouvirus	SRR5862218	NA
Moumouvirus	SRR5862219	NA
Moumouvirus	SRR5862220	NA
Moumouvirus	SRR5862221	NA
Moumouvirus	SRR5862222	NA
Moumouvirus	SRR5862223	NA
Moumouvirus	SRR5862224	NA
Moumouvirus	SRR5862225	NA
Moumouvirus	SRR5862226	NA
Moumouvirus	SRR5862227	NA
Moumouvirus	SRR5862228	NA
Moumouvirus	SRR5862229	NA
Moumouvirus	SRR5862230	NA
Moumouvirus	SRR5862231	NA
Moumouvirus	SRR5862232	NA
Moumouvirus	SRR5862233	NA
Moumouvirus	SRR5862234	NA
Moumouvirus	SRR5862235	NA
Moumouvirus	SRR5862236	NA
Moumouvirus	SRR5862237	NA
Moumouvirus	SRR5862238	NA
Moumouvirus	SRR5862239	NA
Moumouvirus	SRR5862240	NA
Moumouvirus	SRR5862241	NA
Moumouvirus	SRR5862242	NA
Moumouvirus	SRR5862243	NA
Moumouvirus	SRR5862244	NA
Moumouvirus	SRR5862245	NA
Moumouvirus	SRR5862246	NA
Moumouvirus	SRR5862247	NA
Moumouvirus	SRR5862248	NA
Moumouvirus	SRR5862249	NA
Moumouvirus	SRR5862250	NA
Moumouvirus	SRR5862251	NA
Moumouvirus	SRR5862252	NA
Moumouvirus	SRR5862253	NA
Moumouvirus	SRR5862254	NA
Moumouvirus	SRR5862255	NA
Moumouvirus	SRR5862256	NA
Moumouvirus	SRR5862257	NA
Moumouvirus	SRR5862258	NA
Moumouvirus	SRR5862259	NA
Moumouvirus	SRR5862260	NA
Moumouvirus	SRR5862261	NA
Moumouvirus	SRR5862262	NA
Moumouvirus	SRR5862263	NA
Moumouvirus	SRR5862264	NA
Moumouvirus	SRR5862265	NA
Moumouvirus	SRR5862266	NA
Moumouvirus	SRR5862267	NA
Moumouvirus	SRR5862268	NA
Moumouvirus	SRR5862269	NA
Moumouvirus	SRR5862270	NA
Moumouvirus	SRR5862271	NA
Moumouvirus	SRR5862272	NA
Moumouvirus	SRR5862273	NA
Moumouvirus	SRR5862274	NA
Moumouvirus	SRR5862275	NA
Moumouvirus	SRR5862276	NA
Moumouvirus	SRR5862277	NA
Moumouvirus	SRR5949109	0
Moumouvirus	SRR5949110	0
Moumouvirus	SRR5949111	0
Moumouvirus	SRR5949112	0
Moumouvirus	SRR5949113	0
Moumouvirus	SRR5949114	0
Moumouvirus	SRR5949115	0
Moumouvirus	SRR5949116	0
Moumouvirus	SRR5949117	0
Moumouvirus	SRR5949118	0
Moumouvirus	SRR5949119	0
Moumouvirus	SRR5949120	0
Moumouvirus	SRR5949121	1
Moumouvirus	SRR5949122	0
Moumouvirus	SRR5949123	0
Moumouvirus	SRR5949124	0
Moumouvirus	SRR5949125	0
Moumouvirus	SRR5949126	0
Moumouvirus	SRR5949127	0
Moumouvirus	SRR5949128	0
Moumouvirus	SRR5949129	0
Moumouvirus	SRR5949130	0
Moumouvirus	SRR5949131	0
Moumouvirus	SRR5949132	0
Moumouvirus	SRR5949133	0
Moumouvirus	SRR5949134	0
Moumouvirus	SRR5949135	0
Moumouvirus	SRR5949136	0
Moumouvirus	SRR5949137	0
Moumouvirus	SRR5949138	0
Moumouvirus	SRR5949139	0
Moumouvirus	SRR5949140	0
Moumouvirus	SRR5949141	0
Moumouvirus	SRR5949142	0
Moumouvirus	SRR5949143	0
Moumouvirus	SRR5949144	0
Moumouvirus	SRR5949145	0
Moumouvirus	SRR5949146	0
Moumouvirus	SRR5949147	0
Moumouvirus	SRR5949148	0
Moumouvirus	SRR5949149	0
Moumouvirus	SRR5949150	0
Moumouvirus	SRR5949151	0
Moumouvirus	SRR5949152	0
Moumouvirus	SRR5949153	0
Moumouvirus	SRR5949154	0
Moumouvirus	SRR5949155	0
Moumouvirus	SRR5949156	0
Moumouvirus	SRR5949157	0
Moumouvirus	SRR5949158	0
Moumouvirus	SRR5949159	0
Moumouvirus	SRR5949160	0
Moumouvirus	SRR5949161	0
Moumouvirus	SRR5949162	0
Moumouvirus	SRR5949163	0
Moumouvirus	SRR5949164	0
Moumouvirus	SRR5949165	0
Moumouvirus	SRR5949166	0
Moumouvirus	SRR5949167	0
Moumouvirus	SRR5949168	0
Moumouvirus	SRR5949169	0
Moumouvirus	SRR5949170	0
Moumouvirus	SRR5949171	0
Moumouvirus	SRR5949172	0
Moumouvirus	SRR5949173	0
Moumouvirus	SRR5949174	0
Moumouvirus	SRR5949175	0
Moumouvirus	SRR5949176	0
Moumouvirus	SRR5949177	0
Moumouvirus	SRR5949178	0
Moumouvirus	SRR5949179	0
Moumouvirus	SRR5949180	0
Moumouvirus	SRR5949181	0
Moumouvirus	SRR5949182	0
Moumouvirus	SRR5949183	0
Moumouvirus	SRR5949184	0
Moumouvirus	SRR5949185	0
Moumouvirus	SRR5949186	0
Moumouvirus	SRR5949187	0
Moumouvirus	SRR5949188	0
Moumouvirus	SRR5949189	0
Moumouvirus	SRR5949190	0
Moumouvirus	SRR5949191	0
Moumouvirus	SRR5949192	0
Moumouvirus	SRR5949193	0
Moumouvirus	SRR5949194	0
Moumouvirus	SRR5949195	0
Moumouvirus	SRR5949196	0
Moumouvirus	SRR5949197	0
Moumouvirus	SRR5949198	0
Moumouvirus	SRR5949199	0
Moumouvirus	SRR5949200	0
Moumouvirus	SRR5949201	0
Moumouvirus	SRR5949202	0
Moumouvirus	SRR5949203	0
Moumouvirus	SRR5949204	0
Moumouvirus	SRR5949205	0
Moumouvirus	SRR5949206	0
Moumouvirus	SRR5949207	0
Moumouvirus	SRR5949208	0
Moumouvirus	SRR5949209	0
Moumouvirus	SRR5949210	0
Moumouvirus	SRR5949211	0
Moumouvirus	SRR5949212	0
Moumouvirus	SRR5949213	0
Moumouvirus	SRR5949214	0
Moumouvirus	SRR5949215	0
Moumouvirus	SRR5949216	0
Moumouvirus	SRR5949217	0
Moumouvirus	SRR5949218	0
Moumouvirus	SRR5949219	0
Moumouvirus	SRR5949220	0
Moumouvirus	SRR5949221	0
Moumouvirus	SRR5949222	0
Moumouvirus	SRR5949223	0
Moumouvirus	SRR5949224	0
Moumouvirus	SRR5949225	0
Moumouvirus	SRR5949226	0
Moumouvirus	SRR5949227	0
Moumouvirus	SRR5949228	0
Moumouvirus	SRR5949229	0
Moumouvirus	SRR5949230	0
Moumouvirus	SRR5949231	0
Moumouvirus	SRR5949232	0
Moumouvirus	SRR5949233	0
Moumouvirus	SRR5949234	0
Moumouvirus	SRR5949235	0
Moumouvirus	SRR5949236	0
Moumouvirus	SRR5949237	0
Moumouvirus	SRR5949238	0
Moumouvirus	SRR5949239	0
Moumouvirus	SRR5949240	0
Moumouvirus	SRR5949241	0
Moumouvirus	SRR5949242	0
Moumouvirus	SRR5949243	0
Moumouvirus	SRR5949244	0
Moumouvirus	SRR5949245	0
Moumouvirus	SRR5949246	0
Moumouvirus	SRR5949247	0
Moumouvirus	SRR5949248	0
Moumouvirus	SRR5949249	0
Moumouvirus	SRR5949250	0
Moumouvirus	SRR5949251	0
Moumouvirus	SRR5949252	0
Moumouvirus	SRR5949253	0
Moumouvirus	SRR5949254	0
Moumouvirus	SRR5949255	0
Moumouvirus	SRR5949256	0
Moumouvirus	SRR5949257	0
Moumouvirus	SRR5949258	0
Moumouvirus	SRR5949259	0
Moumouvirus	SRR5949260	0
Moumouvirus	SRR5949261	0
Moumouvirus	SRR5949262	0
Moumouvirus	SRR5949263	0
Moumouvirus	SRR5949264	0
Moumouvirus	SRR5949265	0
Moumouvirus	SRR5949266	0
Moumouvirus	SRR5949267	0
Moumouvirus	SRR5949268	0
Moumouvirus	SRR5949269	0
Moumouvirus	SRR5949270	0
Moumouvirus	SRR5949271	0
Moumouvirus	SRR5949272	0
Moumouvirus	SRR5949273	0
Moumouvirus	SRR5949274	0
Moumouvirus	SRR5949275	0
Moumouvirus	SRR5949276	0
Moumouvirus	SRR5949277	0
Moumouvirus	SRR5949278	0
Moumouvirus	SRR5949279	0
Moumouvirus	SRR5949280	0
Moumouvirus	SRR5949281	0
Moumouvirus	SRR5949282	0
Moumouvirus	SRR5949283	0
Moumouvirus	SRR5949284	0
Moumouvirus	SRR5949285	0
Moumouvirus	SRR5949286	0
Moumouvirus	SRR5949287	0
Moumouvirus	SRR5949288	0
Moumouvirus	SRR5949289	0
Moumouvirus	SRR5949290	0
Moumouvirus	SRR5949291	0
Moumouvirus	SRR5949292	0
Moumouvirus	SRR5949293	0
Moumouvirus	SRR5949294	0
Moumouvirus	SRR5949295	0
Moumouvirus	SRR5949296	0
Moumouvirus	SRR5949297	0
Moumouvirus	SRR5949298	0
Moumouvirus	SRR5949299	0
Moumouvirus	SRR5949300	0
Moumouvirus	SRR5949301	0
Moumouvirus	SRR5949302	0
Moumouvirus	SRR5949303	0
Moumouvirus	SRR5949304	0
Moumouvirus	SRR5949305	0
Moumouvirus	SRR5949306	0
Moumouvirus	SRR5949307	0
Moumouvirus	SRR5949308	0
Moumouvirus	SRR5949309	0
Moumouvirus	SRR5949310	0
Moumouvirus	SRR5949311	0
Moumouvirus	SRR5949312	0
Moumouvirus	SRR5949313	0
Moumouvirus	SRR5949314	0
Moumouvirus	SRR5949315	0
Moumouvirus	SRR5949316	0
Moumouvirus	SRR5949317	0
Moumouvirus	SRR5949318	0
Moumouvirus	SRR5949319	0
Moumouvirus	SRR5949320	0
Moumouvirus	SRR5949321	0
Moumouvirus	SRR5949322	0
Moumouvirus	SRR5949323	0
Moumouvirus	SRR5949324	0
Moumouvirus	SRR5949325	0
Moumouvirus	SRR5949326	0
Moumouvirus	SRR5949327	0
Moumouvirus	SRR5949328	0
Moumouvirus	SRR5949329	0
Moumouvirus	SRR5949330	0
Moumouvirus	SRR5949331	0
Moumouvirus	SRR5949332	0
Moumouvirus	SRR5949333	0
Moumouvirus	SRR5949334	0
Moumouvirus	SRR5949335	0
Moumouvirus	SRR5949336	0
Moumouvirus	SRR5949337	0
Moumouvirus	SRR5949338	0
Moumouvirus	SRR5949339	0
Moumouvirus	SRR5949340	0
Moumouvirus	SRR5949341	0
Moumouvirus	SRR5949342	0
Moumouvirus	SRR5949343	0
Moumouvirus	SRR5949344	0
Moumouvirus	SRR5949345	0
Moumouvirus	SRR5949346	0
Moumouvirus	SRR5949347	0
Moumouvirus	SRR5949348	0
Moumouvirus	SRR5949349	0
Moumouvirus	SRR5949350	0
Moumouvirus	SRR5949351	0
Moumouvirus	SRR5949352	0
Moumouvirus	SRR5949353	0
Moumouvirus	SRR5949354	0
Moumouvirus	SRR5949355	0
Moumouvirus	SRR5949356	0
Moumouvirus	SRR5949357	0
Moumouvirus	SRR5949358	0
Moumouvirus	SRR5949359	0
Moumouvirus	SRR5949360	0
Moumouvirus	SRR5949361	0
Moumouvirus	SRR5949362	0
Moumouvirus	SRR5949363	0
Moumouvirus	SRR5949364	0
Moumouvirus	SRR5949365	0
Moumouvirus	SRR5949366	0
Moumouvirus	SRR5949367	0
Moumouvirus	SRR5949368	0
Moumouvirus	SRR5949369	0
Moumouvirus	SRR5949370	0
Moumouvirus	SRR5949371	0
Moumouvirus	SRR5949372	0
Moumouvirus	SRR5949373	0
Moumouvirus	SRR5949374	3
Moumouvirus	SRR5949375	0
Moumouvirus	SRR5949376	0
Moumouvirus	SRR5949377	0
Moumouvirus	SRR5949378	0
Moumouvirus	SRR5949379	0
Moumouvirus	SRR5949380	0
Moumouvirus	SRR5949381	0
Moumouvirus	SRR5949382	0
Moumouvirus	SRR5949383	0
Moumouvirus	SRR5949384	0
Moumouvirus	SRR5949385	0
Moumouvirus	SRR5949386	0
Moumouvirus	SRR5949387	0
Moumouvirus	SRR5949388	0
Moumouvirus	SRR5949389	0
Moumouvirus	SRR5949390	0
Moumouvirus	SRR5949391	0
Moumouvirus	SRR5949392	0
Moumouvirus	SRR5949393	0
Moumouvirus	SRR5949394	0
Moumouvirus	SRR5949395	0
Moumouvirus	SRR5949396	0
Moumouvirus	SRR5949397	0
Moumouvirus	SRR5949398	0
Moumouvirus	SRR5949399	0
Moumouvirus	SRR5949400	0
Moumouvirus	SRR5949401	0
Moumouvirus	SRR5949402	0
Moumouvirus	SRR5949403	0
Moumouvirus	SRR5949404	0
Moumouvirus	SRR5949405	0
Moumouvirus	SRR5949406	0
Moumouvirus	SRR5949407	0
Moumouvirus	SRR5949408	0
Moumouvirus	SRR5949409	0
Moumouvirus	SRR5949410	0
Moumouvirus	SRR5949411	0
Moumouvirus	SRR5949412	0
Moumouvirus	SRR5949413	0
Moumouvirus	SRR5949414	0
Moumouvirus	SRR5949415	0
Moumouvirus	SRR5949416	0
Moumouvirus	SRR5949417	0
Moumouvirus	SRR5949418	0
Moumouvirus	SRR5949419	0
Moumouvirus	SRR5949420	0
Moumouvirus	SRR5949421	0
Moumouvirus	SRR5949422	0
Moumouvirus	SRR5949423	0
Moumouvirus	SRR5949424	0
Moumouvirus	SRR5949425	0
Moumouvirus	SRR5949426	0
Moumouvirus	SRR5949427	0
Moumouvirus	SRR5949428	0
Moumouvirus	SRR5949429	0
Moumouvirus	SRR5949430	0
Moumouvirus	SRR5949431	0
Moumouvirus	SRR5949432	0
Moumouvirus	SRR5949433	0
Moumouvirus	SRR5949434	0
Moumouvirus	SRR5949435	0
Moumouvirus	SRR5949436	0
Moumouvirus	SRR5949437	0
Moumouvirus	SRR5949438	0
Moumouvirus	SRR5949439	0
Moumouvirus	SRR5949440	0
Moumouvirus	SRR5949441	0
Moumouvirus	SRR5949442	0
Moumouvirus	SRR5949443	0
Moumouvirus	SRR5949444	0
Moumouvirus	SRR5949445	0
Moumouvirus	SRR5949446	0
Moumouvirus	SRR5949447	0
Moumouvirus	SRR5949448	0
Moumouvirus	SRR5949449	0
Moumouvirus	SRR5949450	0
Moumouvirus	SRR5949451	0
Moumouvirus	SRR5949452	0
Moumouvirus	SRR5949453	0
Moumouvirus	SRR5949454	0
Moumouvirus	SRR5949455	0
Moumouvirus	SRR5949456	0
Moumouvirus	SRR5949457	0
Moumouvirus	SRR5949458	0
Moumouvirus	SRR5949459	0
Moumouvirus	SRR5949460	0
Moumouvirus	SRR5949461	0
Moumouvirus	SRR5949462	0
Moumouvirus	SRR5949463	0
Moumouvirus	SRR5949464	0
Moumouvirus	SRR5949465	0
Moumouvirus	SRR5949466	0
Moumouvirus	SRR5949467	0
Moumouvirus	SRR5949468	0
Moumouvirus	SRR5949469	0
Moumouvirus	SRR5949470	0
Moumouvirus	SRR5949471	0
Moumouvirus	SRR5949472	0
Moumouvirus	SRR5949473	0
Moumouvirus	SRR5949474	0
Moumouvirus	SRR5949475	0
Moumouvirus	SRR5949476	0
Moumouvirus	SRR5949477	0
Moumouvirus	SRR5949478	0
Moumouvirus	SRR5949479	0
Moumouvirus	SRR5949480	0
Moumouvirus	SRR5949481	0
Moumouvirus	SRR5949482	0
Moumouvirus	SRR5949483	0
Moumouvirus	SRR5949484	0
Moumouvirus	SRR5949485	0
Moumouvirus	SRR5949486	0
Moumouvirus	SRR5949487	0
Moumouvirus	SRR5949488	0
Moumouvirus	SRR5949489	0
Moumouvirus	SRR5949490	0
Moumouvirus	SRR5949491	0
Moumouvirus	SRR5949492	0
Moumouvirus	SRR5949493	0
Moumouvirus	SRR5949494	0
Moumouvirus	SRR5949495	0
Moumouvirus	SRR5949496	0
Moumouvirus	SRR5949497	0
Moumouvirus	SRR5949498	0
Moumouvirus	SRR5949499	0
Moumouvirus	SRR5949500	0
Moumouvirus	SRR5949501	1
Moumouvirus	SRR5949502	0
Moumouvirus	SRR5949503	0
Moumouvirus	SRR5949504	0
Moumouvirus	SRR5949505	0
Moumouvirus	SRR5949506	0
Moumouvirus	SRR5949507	0
Moumouvirus	SRR5949508	0
Moumouvirus	SRR5949509	0
Moumouvirus	SRR5949510	0
Moumouvirus	SRR5949511	0
Moumouvirus	SRR5949512	0
Moumouvirus	SRR5949513	0
Moumouvirus	SRR5949514	0
Moumouvirus	SRR5949515	0
Moumouvirus	SRR5949516	0
Moumouvirus	SRR5949517	0
Moumouvirus	SRR5949518	0
Moumouvirus	SRR5949519	0
Moumouvirus	SRR5949520	0
Moumouvirus	SRR5949521	0
Moumouvirus	SRR5949522	0
Moumouvirus	SRR5949523	0
Moumouvirus	SRR5949524	0
Moumouvirus	SRR5949525	0
Moumouvirus	SRR5949526	0
Moumouvirus	SRR5949527	0
Moumouvirus	SRR5949528	0
Moumouvirus	SRR5949529	0
Moumouvirus	SRR5949530	0
Moumouvirus	SRR5949531	0
Moumouvirus	SRR5949532	0
Moumouvirus	SRR5949533	0
Moumouvirus	SRR5949534	0
Moumouvirus	SRR5949535	0
Moumouvirus	SRR5949536	0
Moumouvirus	SRR5949537	0
Moumouvirus	SRR5949538	0
Moumouvirus	SRR5949539	0
Moumouvirus	SRR5949540	0
Moumouvirus	SRR5949541	0
Moumouvirus	SRR5949542	0
Moumouvirus	SRR5949543	0
Moumouvirus	SRR5949544	0
Moumouvirus	SRR5949545	0
Moumouvirus	SRR5949546	0
Moumouvirus	SRR5949547	0
Moumouvirus	SRR5949548	0
Moumouvirus	SRR5949549	0
Moumouvirus	SRR5949550	0
Moumouvirus	SRR5949551	0
Moumouvirus	SRR5949552	0
Moumouvirus	SRR5949553	0
Moumouvirus	SRR5949554	0
Moumouvirus	SRR5949555	0
Moumouvirus	SRR5949556	0
Moumouvirus	SRR5949557	0
Moumouvirus	SRR5949558	0
Moumouvirus	SRR5949559	0
Moumouvirus	SRR5949560	0
Moumouvirus	SRR5949561	0
Moumouvirus	SRR5949562	0
Moumouvirus	SRR5949563	0
Moumouvirus	SRR5949564	0
Moumouvirus	SRR5949565	0
Moumouvirus	SRR5949566	0
Moumouvirus	SRR5949567	0
Moumouvirus	SRR5949568	0
Moumouvirus	SRR5949569	0
Moumouvirus	SRR5949570	0
Moumouvirus	SRR5949571	0
Moumouvirus	SRR5949572	0
Moumouvirus	SRR5949573	0
Moumouvirus	SRR5949574	0
Moumouvirus	SRR5949575	0
Moumouvirus	SRR5949576	0
Moumouvirus	SRR5949577	0
Moumouvirus	SRR5949578	0
Moumouvirus	SRR5949579	0
Moumouvirus	SRR5949580	0
Moumouvirus	SRR5949581	0
Moumouvirus	SRR5949582	0
Moumouvirus	SRR5949583	0
Moumouvirus	SRR5949584	0
Moumouvirus	SRR5949585	0
Moumouvirus	SRR5949586	0
Moumouvirus	SRR5949587	0
Moumouvirus	SRR5949588	0
Moumouvirus	SRR5949589	0
Moumouvirus	SRR5949590	0
Moumouvirus	SRR5949591	0
Moumouvirus	SRR5949592	0
Moumouvirus	SRR5949593	0
Moumouvirus	SRR5949594	0
Moumouvirus	SRR5949595	0
Moumouvirus	SRR5949596	0
Moumouvirus	SRR5949597	0
Moumouvirus	SRR5949598	0
Moumouvirus	SRR5949599	0
Moumouvirus	SRR5949600	0
Moumouvirus	SRR5949601	0
Moumouvirus	SRR5949602	0
Moumouvirus	SRR5949603	0
Moumouvirus	SRR5949604	0
Moumouvirus	SRR5949605	0
Moumouvirus	SRR5949606	0
Moumouvirus	SRR5949607	0
Moumouvirus	SRR5949608	0
Moumouvirus	SRR5950246	0
Moumouvirus	SRR5950247	0
Moumouvirus	SRR5950248	0
Moumouvirus	SRR5950249	0
Moumouvirus	SRR5950250	0
Moumouvirus	SRR5950251	0
Moumouvirus	SRR5950252	0
Moumouvirus	SRR5950253	0
Moumouvirus	SRR5950254	0
Moumouvirus	SRR5950255	0
Moumouvirus	SRR5950256	0
Moumouvirus	SRR5950257	0
Moumouvirus	SRR5950258	0
Moumouvirus	SRR5950259	0
Moumouvirus	SRR5950260	0
Moumouvirus	SRR5950261	0
Moumouvirus	SRR5950262	0
Moumouvirus	SRR5950263	0
Moumouvirus	SRR5950264	0
Moumouvirus	SRR5950265	0
Moumouvirus	SRR5950266	0
Moumouvirus	SRR5950267	0
Moumouvirus	SRR5950268	0
Moumouvirus	SRR5950269	0
Moumouvirus	SRR5950270	0
Moumouvirus	SRR5950271	0
Moumouvirus	SRR5950272	0
Moumouvirus	SRR5950273	0
Moumouvirus	SRR5950274	0
Moumouvirus	SRR5950275	0
Moumouvirus	SRR5950276	0
Moumouvirus	SRR5950277	0
Moumouvirus	SRR5950278	0
Moumouvirus	SRR5950279	0
Moumouvirus	SRR5950280	0
Moumouvirus	SRR5950281	0
Moumouvirus	SRR5950282	0
Moumouvirus	SRR5950283	0
Moumouvirus	SRR5950284	0
Moumouvirus	SRR5950285	0
Moumouvirus	SRR5950286	0
Moumouvirus	SRR5950287	0
Moumouvirus	SRR5950288	0
Moumouvirus	SRR5950289	0
Moumouvirus	SRR5950290	0
Moumouvirus	SRR5950291	0
Moumouvirus	SRR5950292	0
Moumouvirus	SRR5950293	0
Moumouvirus	SRR5950294	0
Moumouvirus	SRR5950295	0
Moumouvirus	SRR5950296	0
Moumouvirus	SRR5950297	0
Moumouvirus	SRR5950298	2
Moumouvirus	SRR5950299	0
Moumouvirus	SRR5950300	0
Moumouvirus	SRR5950301	0
Moumouvirus	SRR5950302	0
Moumouvirus	SRR5950303	0
Moumouvirus	SRR5950304	0
Moumouvirus	SRR5950305	0
Moumouvirus	SRR5950306	0
Moumouvirus	SRR5950307	1
Moumouvirus	SRR5950308	0
Moumouvirus	SRR5950309	0
Moumouvirus	SRR5950310	0
Moumouvirus	SRR5950311	0
Moumouvirus	SRR5950312	0
Moumouvirus	SRR5950313	0
Moumouvirus	SRR5950314	0
Moumouvirus	SRR5950315	0
Moumouvirus	SRR5950316	0
Moumouvirus	SRR5950317	0
Moumouvirus	SRR5950318	0
Moumouvirus	SRR5950319	0
Moumouvirus	SRR5950320	0
Moumouvirus	SRR5950321	0
Moumouvirus	SRR5950322	0
Moumouvirus	SRR5950323	0
Moumouvirus	SRR5950324	0
Moumouvirus	SRR5950325	0
Moumouvirus	SRR5950326	0
Moumouvirus	SRR5950327	0
Moumouvirus	SRR5950328	0
Moumouvirus	SRR5950329	0
Moumouvirus	SRR5950330	0
Moumouvirus	SRR5950331	0
Moumouvirus	SRR5950332	0
Moumouvirus	SRR5950333	0
Moumouvirus	SRR5950334	0
Moumouvirus	SRR5950335	0
Moumouvirus	SRR5950336	0
Moumouvirus	SRR5950337	0
Moumouvirus	SRR5950338	0
Moumouvirus	SRR5950339	0
Moumouvirus	SRR5950340	0
Moumouvirus	SRR5950341	0
Moumouvirus	SRR5950342	0
Moumouvirus	SRR5950343	0
Moumouvirus	SRR5950344	0
Moumouvirus	SRR5950345	0
Moumouvirus	SRR5950346	0
Moumouvirus	SRR5950347	0
Moumouvirus	SRR5950348	0
Moumouvirus	SRR5950349	0
Moumouvirus	SRR5950350	0
Moumouvirus	SRR5950351	0
Moumouvirus	SRR5950352	0
Moumouvirus	SRR5950353	0
Moumouvirus	SRR5950354	0
Moumouvirus	SRR5950355	0
Moumouvirus	SRR5950356	0
Moumouvirus	SRR5950357	0
Moumouvirus	SRR5950358	0
Moumouvirus	SRR5950359	0
Moumouvirus	SRR5950360	0
Moumouvirus	SRR5950361	0
Moumouvirus	SRR5950362	0
Moumouvirus	SRR5950363	0
Moumouvirus	SRR5950364	0
Moumouvirus	SRR5950365	0
Moumouvirus	SRR5950366	0
Moumouvirus	SRR5950367	0
Moumouvirus	SRR5950368	0
Moumouvirus	SRR5950369	0
Moumouvirus	SRR5950370	0
Moumouvirus	SRR5950371	0
Moumouvirus	SRR5950372	0
Moumouvirus	SRR5950373	0
Moumouvirus	SRR5950374	0
Moumouvirus	SRR5950375	0
Moumouvirus	SRR5950376	0
Moumouvirus	SRR5950377	0
Moumouvirus	SRR5950378	0
Moumouvirus	SRR5950379	0
Moumouvirus	SRR5950380	0
Moumouvirus	SRR5950381	0
Moumouvirus	SRR5950382	0
Moumouvirus	SRR5950383	0
Moumouvirus	SRR5950384	0
Moumouvirus	SRR5950385	0
Moumouvirus	SRR5950386	0
Moumouvirus	SRR5950387	0
Moumouvirus	SRR5950388	0
Moumouvirus	SRR5950389	0
Moumouvirus	SRR5950390	0
Moumouvirus	SRR5950391	0
Moumouvirus	SRR5950392	0
Moumouvirus	SRR5950393	0
Moumouvirus	SRR5950394	0
Moumouvirus	SRR5950395	0
Moumouvirus	SRR5950396	0
Moumouvirus	SRR5950397	0
Moumouvirus	SRR5950398	0
Moumouvirus	SRR5950399	0
Moumouvirus	SRR5950400	0
Moumouvirus	SRR5950401	0
Moumouvirus	SRR5950402	0
Moumouvirus	SRR5950403	0
Moumouvirus	SRR5950404	0
Moumouvirus	SRR5950405	0
Moumouvirus	SRR5950406	0
Moumouvirus	SRR5950407	0
Moumouvirus	SRR5950408	0
Moumouvirus	SRR5950409	0
Moumouvirus	SRR5950410	0
Moumouvirus	SRR5950411	0
Moumouvirus	SRR5950412	0
Moumouvirus	SRR5950413	0
Moumouvirus	SRR5950414	0
Moumouvirus	SRR5950415	0
Moumouvirus	SRR5950416	0
Moumouvirus	SRR5950417	0
Moumouvirus	SRR5950418	0
Moumouvirus	SRR5950419	0
Moumouvirus	SRR5950420	0
Moumouvirus	SRR5950421	0
Moumouvirus	SRR5950422	0
Moumouvirus	SRR5950423	0
Moumouvirus	SRR5950424	0
Moumouvirus	SRR5950425	0
Moumouvirus	SRR5950426	0
Moumouvirus	SRR5950427	0
Moumouvirus	SRR5950428	0
Moumouvirus	SRR5950429	0
Moumouvirus	SRR5950430	0
Moumouvirus	SRR5950431	0
Moumouvirus	SRR5950432	0
Moumouvirus	SRR5950433	0
Moumouvirus	SRR5950434	0
Moumouvirus	SRR5950435	0
Moumouvirus	SRR5950436	0
Moumouvirus	SRR5950437	0
Moumouvirus	SRR5950438	0
Moumouvirus	SRR5950439	0
Moumouvirus	SRR5950440	0
Moumouvirus	SRR5950441	0
Moumouvirus	SRR5950442	0
Moumouvirus	SRR5950443	0
Moumouvirus	SRR5950444	0
Moumouvirus	SRR5950445	0
Moumouvirus	SRR5950446	0
Moumouvirus	SRR5950447	0
Moumouvirus	SRR5950448	0
Moumouvirus	SRR5950449	0
Moumouvirus	SRR5950450	0
Moumouvirus	SRR5950451	0
Moumouvirus	SRR5950452	0
Moumouvirus	SRR5950453	0
Moumouvirus	SRR5950454	0
Moumouvirus	SRR5950455	0
Moumouvirus	SRR5950456	0
Moumouvirus	SRR5950457	0
Moumouvirus	SRR5950458	0
Moumouvirus	SRR5950459	0
Moumouvirus	SRR5950460	0
Moumouvirus	SRR5950461	0
Moumouvirus	SRR5950462	0
Moumouvirus	SRR5950463	0
Moumouvirus	SRR5950464	0
Moumouvirus	SRR5950465	0
Moumouvirus	SRR5950466	0
Moumouvirus	SRR5950467	0
Moumouvirus	SRR5950468	0
Moumouvirus	SRR5950469	0
Moumouvirus	SRR5950470	0
Moumouvirus	SRR5963912	0
Moumouvirus	SRR5963913	0
Moumouvirus	SRR5963914	0
Moumouvirus	SRR5963915	0
Moumouvirus	SRR5963916	0
Moumouvirus	SRR5963917	0
Moumouvirus	SRR5963918	0
Moumouvirus	SRR5963919	0
Moumouvirus	SRR5963920	0
Moumouvirus	SRR5963921	0
Moumouvirus	SRR5963922	0
Moumouvirus	SRR5963923	0
Moumouvirus	SRR5963924	0
Moumouvirus	SRR5963925	0
Moumouvirus	SRR5963926	0
Moumouvirus	SRR5963927	0
Moumouvirus	SRR5963928	0
Moumouvirus	SRR5963929	0
Moumouvirus	SRR5963930	0
Moumouvirus	SRR5963931	0
Moumouvirus	SRR5963932	0
Moumouvirus	SRR5963933	0
Moumouvirus	SRR5963934	0
Moumouvirus	SRR5963935	0
Moumouvirus	SRR5963936	0
Moumouvirus	SRR5963937	0
Moumouvirus	SRR5963938	0
Moumouvirus	SRR5963939	0
Moumouvirus	SRR5963940	0
Moumouvirus	SRR5963941	0
Moumouvirus	SRR5963942	0
Moumouvirus	SRR5963943	0
Moumouvirus	SRR5963944	0
Moumouvirus	SRR5963945	0
Moumouvirus	SRR5963946	0
Moumouvirus	SRR5963947	0
Moumouvirus	SRR5963948	0
Moumouvirus	SRR6467548	NA
Moumouvirus	SRR6467549	NA
Moumouvirus	SRR6467550	NA
Moumouvirus	SRR6467551	NA
Moumouvirus	SRR6467552	NA
Moumouvirus	SRR6467553	NA
Moumouvirus	SRR6467554	NA
Moumouvirus	SRR6467555	NA
Moumouvirus	SRR6467556	NA
Moumouvirus	SRR6467557	NA
Moumouvirus	SRR6467558	NA
Moumouvirus	SRR6467559	NA
Moumouvirus	SRR6467560	NA
Moumouvirus	SRR6467561	NA
Moumouvirus	SRR6467562	NA
Moumouvirus	SRR6467563	NA
Moumouvirus	SRR6467564	NA
Moumouvirus	SRR6467565	NA
Moumouvirus	SRR6467566	NA
Moumouvirus	SRR6467567	NA
Moumouvirus	SRR6467568	NA
Moumouvirus	SRR6467569	NA
Moumouvirus	SRR6467570	NA
Moumouvirus	SRR6467571	NA
Moumouvirus	SRR6467572	NA
Moumouvirus	SRR6467573	NA
Moumouvirus	SRR6467574	NA
Moumouvirus	SRR6467575	NA
Moumouvirus	SRR6467576	NA
Moumouvirus	SRR6467577	NA
Moumouvirus	SRR6467578	NA
Moumouvirus	SRR6467579	NA
Moumouvirus	SRR6467580	NA
Moumouvirus	SRR6467581	NA
Moumouvirus	SRR6467582	NA
Moumouvirus	SRR6467583	NA
Moumouvirus	SRR6467584	NA
Moumouvirus	SRR6467585	NA
Moumouvirus	SRR6467586	NA
Moumouvirus	SRR6467587	NA
Moumouvirus	SRR6467588	NA
Moumouvirus	SRR6467589	NA
Moumouvirus	SRR6467590	NA
Moumouvirus	SRR6467591	NA
Moumouvirus	SRR6467592	NA
Moumouvirus	SRR6467593	NA
Moumouvirus	SRR6467594	NA
Moumouvirus	SRR6467595	NA
Moumouvirus	SRR6467596	NA
Moumouvirus	SRR6467597	NA
Moumouvirus	SRR6467598	NA
Moumouvirus	SRR6467599	NA
Moumouvirus	SRR6467600	NA
Moumouvirus	SRR6467601	NA
Moumouvirus	SRR6467602	NA
Moumouvirus	SRR6467603	NA
Moumouvirus	SRR6467604	NA
Moumouvirus	SRR6467605	NA
Moumouvirus	SRR6467606	NA
Moumouvirus	SRR6467607	NA
Moumouvirus	SRR6467608	NA
Moumouvirus	SRR6467609	NA
Moumouvirus	SRR6467610	NA
Moumouvirus	SRR6467611	NA
Moumouvirus	SRR6467612	NA
Moumouvirus	SRR6467613	NA
Moumouvirus	SRR6467614	NA
Moumouvirus	SRR6467615	NA
Moumouvirus	SRR6467616	NA
Moumouvirus	SRR6467617	NA
Moumouvirus	SRR6467618	NA
Moumouvirus	SRR6467619	NA
Moumouvirus	SRR6467620	NA
Moumouvirus	SRR6467621	NA
Moumouvirus	SRR6467622	NA
Moumouvirus	SRR6467623	NA
Moumouvirus	SRR6467624	NA
Moumouvirus	SRR6467625	NA
Moumouvirus	SRR6467626	NA
Moumouvirus	SRR6467627	NA
Moumouvirus	SRR6467628	NA
Moumouvirus	SRR6467629	NA
Moumouvirus	SRR6467630	NA
Moumouvirus	SRR6467631	NA
Moumouvirus	SRR6467632	NA
Moumouvirus	SRR6467633	NA
Moumouvirus	SRR6467634	NA
Moumouvirus	SRR6467635	NA
Moumouvirus	SRR6467636	NA
Moumouvirus	SRR6467637	NA
Moumouvirus	SRR6467638	NA
Moumouvirus	SRR6467639	NA
Moumouvirus	SRR6467640	NA
Moumouvirus	SRR6467641	NA
Moumouvirus	SRR6467642	NA
Moumouvirus	SRR6467643	NA
Moumouvirus	SRR6467644	NA
Moumouvirus	SRR6467645	NA
Moumouvirus	SRR6467646	NA
Moumouvirus	SRR6467647	NA
Moumouvirus	SRR6467648	NA
Moumouvirus	SRR6467649	NA
Moumouvirus	SRR6467650	NA
Moumouvirus	SRR6467651	NA
Moumouvirus	SRR6467652	NA
Moumouvirus	SRR6467653	NA
Moumouvirus	SRR6467654	NA
Moumouvirus	SRR6467655	NA
Moumouvirus	SRR6467656	NA
Moumouvirus	SRR6467657	NA
Moumouvirus	SRR6467658	NA
Moumouvirus	SRR6467659	NA
Moumouvirus	SRR6467660	NA
Moumouvirus	SRR6467661	NA
Moumouvirus	SRR6467662	NA
Moumouvirus	SRR6467663	NA
Moumouvirus	SRR6467664	NA
Moumouvirus	SRR6467665	NA
Moumouvirus	SRR6467666	NA
Moumouvirus	SRR6467667	NA
Moumouvirus	SRR6467668	NA
Moumouvirus	SRR6467669	NA
Moumouvirus	SRR6467670	NA
Moumouvirus	SRR6467671	NA
Moumouvirus	SRR6467672	NA
Moumouvirus	SRR6467673	NA
Moumouvirus	SRR6467674	NA
Moumouvirus	SRR6467675	NA
Moumouvirus	SRR6467676	NA
Moumouvirus	SRR6467677	NA
Moumouvirus	SRR6467678	NA
Moumouvirus	SRR6467679	NA
Moumouvirus	SRR6467680	NA
Moumouvirus	SRR6467681	NA
Moumouvirus	SRR6467682	NA
Moumouvirus	SRR6467683	NA
Moumouvirus	SRR6467684	NA
Moumouvirus	SRR6467685	NA
Moumouvirus	SRR6467686	NA
Moumouvirus	SRR6467687	NA
Moumouvirus	SRR6467688	NA
Moumouvirus	SRR6467689	NA
Moumouvirus	SRR6467690	NA
Moumouvirus	SRR6467691	NA
Moumouvirus	SRR6467692	NA
Moumouvirus	SRR6467693	NA
Moumouvirus	SRR6467694	NA
Moumouvirus	SRR6467695	NA
Moumouvirus	SRR6467696	NA
Moumouvirus	SRR6467697	NA
Moumouvirus	SRR6467698	NA
Moumouvirus	SRR6467699	NA
Moumouvirus	SRR6467700	NA
Moumouvirus	SRR6467701	NA
Moumouvirus	SRR6467702	NA
Moumouvirus	SRR6467703	NA
Moumouvirus	SRR6467704	NA
Moumouvirus	SRR6467705	NA
Moumouvirus	SRR6467706	NA
Moumouvirus	SRR6467707	NA
Moumouvirus	SRR6467708	NA
Moumouvirus	SRR6467709	NA
Moumouvirus	SRR6467710	NA
Moumouvirus	SRR6467711	NA
Moumouvirus	SRR6467712	NA
Moumouvirus	SRR6467713	NA
Moumouvirus	SRR6467714	NA
Moumouvirus	SRR6467715	NA
Moumouvirus	SRR6467716	NA
Moumouvirus	SRR6467717	NA
Moumouvirus	SRR6467718	NA
Moumouvirus	SRR6467719	NA
Moumouvirus	SRR6467720	NA
Moumouvirus	SRR6467721	NA
Moumouvirus	SRR6467722	NA
Moumouvirus	SRR6467723	NA
Moumouvirus	SRR6467724	NA
Moumouvirus	SRR6467725	NA
Moumouvirus	SRR6467726	NA
Moumouvirus	SRR6467727	NA
Moumouvirus	SRR6467728	NA
Moumouvirus	SRR6467729	NA
Moumouvirus	SRR6467730	NA
Moumouvirus	SRR6467731	NA
Moumouvirus	SRR6467732	NA
Moumouvirus	SRR6467733	NA
Moumouvirus	SRR6467734	NA
Moumouvirus	SRR6467735	NA
Moumouvirus	SRR6467736	NA
Moumouvirus	SRR6467737	NA
Moumouvirus	SRR6467738	NA
Moumouvirus	SRR6467739	NA
Moumouvirus	SRR6467740	NA
Moumouvirus	SRR6467741	NA
Moumouvirus	SRR6467742	NA
Moumouvirus	SRR6467743	NA
Moumouvirus	SRR6467744	NA
Moumouvirus	SRR6467745	NA
Moumouvirus	SRR6467746	NA
Moumouvirus	SRR6467747	NA
Moumouvirus	SRR6467748	NA
Moumouvirus	SRR6467749	NA
Moumouvirus	SRR6467750	NA
Moumouvirus	SRR6467751	NA
Moumouvirus	SRR6467752	NA
Moumouvirus	SRR6467753	NA
Moumouvirus	SRR6467754	NA
Moumouvirus	SRR6467755	NA
Moumouvirus	SRR6467756	NA
Moumouvirus	SRR6467757	NA
Moumouvirus	SRR6467758	NA
Moumouvirus	SRR6467759	NA
Moumouvirus	SRR6467760	NA
Moumouvirus	SRR6467761	NA
Moumouvirus	SRR6467762	NA
Moumouvirus	SRR6467763	NA
Moumouvirus	SRR6467764	NA
Moumouvirus	SRR6467765	NA
Moumouvirus	SRR6467766	NA
Moumouvirus	SRR6467767	NA
Moumouvirus	SRR6467768	NA
Moumouvirus	SRR6467769	NA
Moumouvirus	SRR6467770	NA
Moumouvirus	SRR6467771	NA
Moumouvirus	SRR6467772	NA
Moumouvirus	SRR6467773	NA
Moumouvirus	SRR6868540	NA
Moumouvirus	SRR6868541	NA
Moumouvirus	SRR6868542	NA
Moumouvirus	SRR6868543	NA
Moumouvirus	SRR6868544	NA
Moumouvirus	SRR6868545	NA
Moumouvirus	SRR6868546	NA
Moumouvirus	SRR6868557	NA
Moumouvirus	SRR6868558	NA
Moumouvirus	SRR6868559	NA
Moumouvirus	SRR6868560	NA
Moumouvirus	SRR6868569	NA
Moumouvirus	SRR6868570	NA
Moumouvirus	SRR6868571	NA
Moumouvirus	SRR6868572	NA
Moumouvirus	SRR6868573	NA
Moumouvirus	SRR6868574	NA
Moumouvirus	SRR6868575	NA
Moumouvirus	SRR6868576	NA
Moumouvirus	SRR6868577	NA
Moumouvirus	SRR6868578	NA
Moumouvirus	SRR6868579	NA
Moumouvirus	SRR6868580	NA
Moumouvirus	SRR6868581	NA
Moumouvirus	SRR6868582	NA
Moumouvirus	SRR6868585	NA
Moumouvirus	SRR6868586	NA
Moumouvirus	SRR6868587	NA
Moumouvirus	SRR6868588	NA
Moumouvirus	SRR6868589	NA
Moumouvirus	SRR6868590	NA
Moumouvirus	SRR6868591	NA
Moumouvirus	SRR6868604	NA
Moumouvirus	SRR6868605	NA
Moumouvirus	SRR6868606	NA
Moumouvirus	SRR6868607	NA
Moumouvirus	SRR6868608	NA
Moumouvirus	SRR6868609	NA
Moumouvirus	SRR6868610	NA
Moumouvirus	SRR6868620	NA
Moumouvirus	SRR6868621	NA
Moumouvirus	SRR6868622	NA
Moumouvirus	SRR6868623	NA
Moumouvirus	SRR6868636	NA
Moumouvirus	SRR6868637	NA
Moumouvirus	SRR6868638	NA
Moumouvirus	SRR6868639	NA
Moumouvirus	SRR6868650	NA
Moumouvirus	SRR6868651	NA
Moumouvirus	SRR6868652	NA
Moumouvirus	SRR6868653	NA
Moumouvirus	SRR6868654	NA
Moumouvirus	SRR6868655	NA
Moumouvirus	SRR6868665	NA
Moumouvirus	SRR6868666	NA
Moumouvirus	SRR6868667	NA
Moumouvirus	SRR6868668	NA
Moumouvirus	SRR6868669	NA
Moumouvirus	SRR6868670	NA
Moumouvirus	SRR6868671	NA
Moumouvirus	SRR6868683	NA
Moumouvirus	SRR6868684	NA
Moumouvirus	SRR6868685	NA
Moumouvirus	SRR6868686	NA
Moumouvirus	SRR6868687	NA
Moumouvirus	SRR6868688	NA
Moumouvirus	SRR6868689	NA
Moumouvirus	SRR6868698	NA
Moumouvirus	SRR6868699	NA
Moumouvirus	SRR6868700	NA
Moumouvirus	SRR6868701	NA
Moumouvirus	SRR6868702	NA
Moumouvirus	SRR6868713	NA
Moumouvirus	SRR6868714	NA
Moumouvirus	SRR6868715	NA
Moumouvirus	SRR6868716	NA
Moumouvirus	SRR6868717	NA
Moumouvirus	SRR6868718	NA
Moumouvirus	SRR6868719	NA
Moumouvirus	SRR6868720	NA
Moumouvirus	SRR6868721	NA
Moumouvirus	SRR6868722	NA
Moumouvirus	SRR6868723	NA
Moumouvirus	SRR6868724	NA
Moumouvirus	SRR6868725	NA
Moumouvirus	SRR6868726	NA
Moumouvirus	SRR6868741	NA
Moumouvirus	SRR7632756	NA
Moumouvirus	SRR7632757	NA
Moumouvirus	SRR7632758	NA
Moumouvirus	SRR7632759	NA
Moumouvirus	SRR7632760	NA
Moumouvirus	SRR7632761	NA
Moumouvirus	SRR7632762	NA
Moumouvirus	SRR7632763	NA
Moumouvirus	SRR7632764	NA
Moumouvirus	SRR7632765	NA
Moumouvirus	SRR7632766	NA
Moumouvirus	SRR7632767	NA
Moumouvirus	SRR7632768	NA
Moumouvirus	SRR7632769	NA
Moumouvirus	SRR7632770	NA
Moumouvirus	SRR7632771	NA
Moumouvirus	SRR7632772	NA
Moumouvirus	SRR7632773	NA
Moumouvirus	SRR7632774	NA
Moumouvirus	SRR7632775	NA
Moumouvirus	SRR7632776	NA
Moumouvirus	SRR7632777	NA
Moumouvirus	SRR7632778	NA
Moumouvirus	SRR7632779	NA
Moumouvirus	SRR7632780	NA
Moumouvirus	SRR7632781	NA
Moumouvirus	SRR7632782	NA
Moumouvirus	SRR7632783	NA
Moumouvirus	SRR7632784	NA
Moumouvirus	SRR7632785	NA
Moumouvirus	SRR7632786	NA
Moumouvirus	SRR7632787	NA
Moumouvirus	SRR7632788	NA
Moumouvirus	SRR7632789	NA
Moumouvirus	SRR7632790	NA
Moumouvirus	SRR7632791	NA
Moumouvirus	SRR7632792	NA
Moumouvirus	SRR7632793	NA
Moumouvirus	SRR7632794	NA
Moumouvirus	SRR7632795	NA
Moumouvirus	SRR7632796	NA
Moumouvirus	SRR7632797	NA
Moumouvirus	SRR7632798	NA
Moumouvirus	SRR7632799	NA
Moumouvirus	SRR7632800	NA
Moumouvirus	SRR7632801	NA
Moumouvirus	SRR7632802	NA
Moumouvirus	SRR7632803	NA
Moumouvirus	SRR7632804	NA
Moumouvirus	SRR7632805	NA
Moumouvirus	SRR7632806	NA
Moumouvirus	SRR7632807	NA
Moumouvirus	SRR7632808	NA
Moumouvirus	SRR7632809	NA
Moumouvirus	SRR7632810	NA
Moumouvirus	SRR7632811	NA
Moumouvirus	SRR7632812	NA
Moumouvirus	SRR7632813	NA
Moumouvirus	SRR7632814	NA
Moumouvirus	SRR7632815	NA
Moumouvirus	SRR7632816	NA
Moumouvirus	SRR7632817	NA
Moumouvirus	SRR7632818	NA
Moumouvirus	SRR7632819	NA
Moumouvirus	SRR7632820	NA
Moumouvirus	SRR7632821	NA
Moumouvirus	SRR7632822	NA
Moumouvirus	SRR7632823	NA
Moumouvirus	SRR7632824	NA
Moumouvirus	SRR7632825	NA
Moumouvirus	SRR7632826	NA
Moumouvirus	SRR7632827	NA
Moumouvirus	SRR7632828	NA
Moumouvirus	SRR7632829	NA
Moumouvirus	SRR7632830	NA
Moumouvirus	SRR7632831	NA
Moumouvirus	SRR7632832	NA
Moumouvirus	SRR7632833	NA
Moumouvirus	SRR7632834	NA
Moumouvirus	SRR7632835	NA
Moumouvirus	SRR7632836	NA
Moumouvirus	SRR7632837	NA
Moumouvirus	SRR7632838	NA
Moumouvirus	SRR7632839	NA
Moumouvirus	SRR7632840	NA
Moumouvirus	SRR7632841	NA
Moumouvirus	SRR7632842	NA
Moumouvirus	SRR7632843	NA
Moumouvirus	SRR7632844	NA
Moumouvirus	SRR7632845	NA
Moumouvirus	SRR7632846	NA
Moumouvirus	SRR7632847	NA
Moumouvirus	SRR7632848	NA
Moumouvirus	SRR7632849	NA
Moumouvirus	SRR7632850	NA
Moumouvirus	SRR7632851	NA
Moumouvirus	SRR7632852	NA
Moumouvirus	SRR7632853	NA
Moumouvirus	SRR7632854	NA
Moumouvirus	SRR7632855	NA
Moumouvirus	SRR7632856	NA
Moumouvirus	SRR7632857	NA
Moumouvirus	SRR7632858	NA
Moumouvirus	SRR7632859	NA
Moumouvirus	SRR7632860	NA
Moumouvirus	SRR7632861	NA
Moumouvirus	SRR7632862	NA
Moumouvirus	SRR7632863	NA
Moumouvirus	SRR7632864	NA
Moumouvirus	SRR7632865	NA
Moumouvirus	SRR7632866	NA
Moumouvirus	SRR7632867	NA
Moumouvirus	SRR7632868	NA
Moumouvirus	SRR7632869	NA
Moumouvirus	SRR7632870	NA
Moumouvirus	SRR7632871	NA
Moumouvirus	SRR7632872	NA
Moumouvirus	SRR7632873	NA
Moumouvirus	SRR7632874	NA
Moumouvirus	SRR7632875	NA
Moumouvirus	SRR7632876	NA
Moumouvirus	SRR7632877	NA
Moumouvirus	SRR7632878	NA
Moumouvirus	SRR7632879	NA
Moumouvirus	SRR7632880	NA
Moumouvirus	SRR7632881	NA
Moumouvirus	SRR7632882	NA
Moumouvirus	SRR7632883	NA
Moumouvirus	SRR7632884	NA
Moumouvirus	SRR7632885	NA
Moumouvirus	SRR7632886	NA
Moumouvirus	SRR7632887	NA
Moumouvirus	SRR7632888	NA
Moumouvirus	SRR7632889	NA
Moumouvirus	SRR7632890	NA
Moumouvirus	SRR7632891	NA
Moumouvirus	SRR7632892	NA
Moumouvirus	SRR7632893	NA
Moumouvirus	SRR7632894	NA
Moumouvirus	SRR7632895	NA
Moumouvirus	SRR7632896	NA
Moumouvirus	SRR7632897	NA
Moumouvirus	SRR7632898	NA
Moumouvirus	SRR7632899	NA
Moumouvirus	SRR7632900	NA
Moumouvirus	SRR7632901	NA
Moumouvirus	SRR7632902	NA
Moumouvirus	SRR7632903	NA
Moumouvirus	SRR7632904	NA
Moumouvirus	SRR7632905	NA
Moumouvirus	SRR7632906	NA
Moumouvirus	SRR7632907	NA
Moumouvirus	SRR7632908	NA
Moumouvirus	SRR7632909	NA
Moumouvirus	SRR7632910	NA
Moumouvirus	SRR7632911	NA
Moumouvirus	SRR7632912	NA
Moumouvirus	SRR7632913	NA
Moumouvirus	SRR7632914	NA
Moumouvirus	SRR7632915	NA
Moumouvirus	SRR7632916	NA
Moumouvirus	SRR7632917	NA
Moumouvirus	SRR7632918	NA
Moumouvirus	SRR7632919	NA
Moumouvirus	SRR7632920	NA
Moumouvirus	SRR7632921	NA
Moumouvirus	SRR7632922	NA
Moumouvirus	SRR7632923	NA
Moumouvirus	SRR7632924	NA
Moumouvirus	SRR7632925	NA
Moumouvirus	SRR7632926	NA
Moumouvirus	SRR7632927	NA
Moumouvirus	SRR7632928	NA
Moumouvirus	SRR7632929	NA
Moumouvirus	SRR7632930	NA
Moumouvirus	SRR7632931	NA
Moumouvirus	SRR7632932	NA
Moumouvirus	SRR7632933	NA
Moumouvirus	SRR7632934	NA
Moumouvirus	SRR7632935	NA
Moumouvirus	SRR7632936	NA
Moumouvirus	SRR7632937	NA
Moumouvirus	SRR7632938	NA
Moumouvirus	SRR7632939	NA
Moumouvirus	SRR7632940	NA
Moumouvirus	SRR7632941	NA
Moumouvirus	SRR7632942	NA
Moumouvirus	SRR7632943	NA
Moumouvirus	SRR7632944	NA
Moumouvirus	SRR7632945	NA
Moumouvirus	SRR8928966	NA
Moumouvirus	SRR8928967	NA
Moumouvirus	SRR8928968	NA
Moumouvirus	SRR8928969	NA
Moumouvirus	SRR8928970	NA
Moumouvirus	SRR8928971	NA
Moumouvirus	SRR8928972	NA
Moumouvirus	SRR8928973	NA
Moumouvirus	SRR8928974	NA
Moumouvirus	SRR8928975	NA
Moumouvirus	SRR8928976	NA
Moumouvirus	SRR8928977	NA
Moumouvirus	SRR8928978	NA
Moumouvirus	SRR8928979	NA
Moumouvirus	SRR8928980	NA
Moumouvirus	SRR8928981	NA
Moumouvirus	SRR8928982	NA
Moumouvirus	SRR8928983	NA
Moumouvirus	SRR8928984	NA
Moumouvirus	SRR8928985	NA
Moumouvirus	SRR8928986	NA
Moumouvirus	SRR8928987	NA
Moumouvirus	SRR8928988	NA
Moumouvirus	SRR8928989	NA
Moumouvirus	SRR8928990	NA
Moumouvirus	SRR8928991	NA
Moumouvirus	SRR9835604	NA
Moumouvirus	SRR9835605	NA
Moumouvirus	SRR9835606	NA
Moumouvirus	SRR9835607	NA
Moumouvirus	SRR9835608	NA
Moumouvirus	SRR9835609	NA
Moumouvirus	SRR9835610	NA
Moumouvirus	SRR9835611	NA
Moumouvirus	SRR9835612	NA
Moumouvirus	SRR9835613	NA
Moumouvirus	SRR9835614	NA
Moumouvirus	SRR9835615	NA
Moumouvirus	SRR9835616	NA
Moumouvirus	SRR9835617	NA
Moumouvirus	SRR9835618	NA
Moumouvirus	SRR9835619	NA
Moumouvirus	SRR9835620	NA
Moumouvirus	SRR9835621	NA
Moumouvirus	SRR9835622	NA
Moumouvirus	SRR9835623	NA
Moumouvirus	SRR9835624	NA
Moumouvirus	SRR9835625	NA
Moumouvirus	SRR9835626	NA
Moumouvirus	SRR9835627	NA
Moumouvirus	SRR9835628	NA
Moumouvirus	SRR9835629	NA
Moumouvirus	SRR9835630	NA
Moumouvirus	SRR9835631	NA
Moumouvirus	SRR9835632	NA
Moumouvirus	SRR9835633	NA
Moumouvirus	SRR9835634	NA
Moumouvirus	SRR9835635	NA
Moumouvirus	SRR9835636	NA
Moumouvirus	SRR9835637	NA
Moumouvirus	SRR9835638	NA
Moumouvirus	SRR9835639	NA
Moumouvirus	SRR9835640	NA
Moumouvirus	SRR9835641	NA
Moumouvirus	SRR9835642	NA
Moumouvirus	SRR9835643	NA
Moumouvirus	SRR9835644	NA
Moumouvirus	SRR9835645	NA
Moumouvirus	SRR9835646	NA
Moumouvirus	SRR9835647	NA
Moumouvirus	SRR9835648	NA
Moumouvirus	SRR9835649	NA
Moumouvirus	SRR9835650	NA
Moumouvirus	SRR9835651	NA
Moumouvirus	SRR9835652	NA
Moumouvirus	SRR9835653	NA
Moumouvirus	SRR9835654	NA
Moumouvirus	SRR9835655	NA
Moumouvirus	SRR9835656	NA
Moumouvirus	SRR9835657	NA
Moumouvirus	SRR9835658	NA
Moumouvirus	SRR9835659	NA
Moumouvirus	SRR9835660	NA
Moumouvirus	SRR9835661	NA
Moumouvirus	SRR9835662	NA
Moumouvirus	SRR9835663	NA
Moumouvirus	SRR9835664	NA
Moumouvirus	SRR9835665	NA
Moumouvirus	SRR9835666	NA
Moumouvirus	SRR9835667	NA
Moumouvirus	SRR9835668	NA
Moumouvirus	SRR9835669	NA
Moumouvirus	SRR9835670	NA
Moumouvirus	SRR9835671	NA
Moumouvirus	SRR9835672	NA
Moumouvirus	SRR9835673	NA
Moumouvirus	SRR9835674	NA
Moumouvirus	SRR9835675	NA
Moumouvirus	SRR9835676	NA
Moumouvirus	SRR9835677	NA
Moumouvirus	SRR9835678	NA
Moumouvirus	SRR9835679	NA
Moumouvirus	SRR9835680	NA
Moumouvirus	SRR9835681	NA
Moumouvirus	SRR9835682	NA
Moumouvirus	SRR9835683	NA
Moumouvirus	SRR9835684	NA
Moumouvirus	SRR9835685	NA
Moumouvirus	SRR9835686	NA
Moumouvirus	SRR9835687	NA
Moumouvirus	SRR9835688	NA
Moumouvirus	SRR9835689	NA
Moumouvirus	SRR9835690	NA
Moumouvirus	SRR9835691	NA
Moumouvirus	SRR9835692	NA
Moumouvirus	SRR9835693	NA
Moumouvirus	SRR9835694	NA
Moumouvirus	SRR9835695	NA
Moumouvirus	SRR9835696	NA
Moumouvirus	SRR9835697	NA
Moumouvirus	SRR9835698	NA
Moumouvirus	SRR9835699	NA
Moumouvirus	SRR9835700	NA
Moumouvirus	SRR9835701	NA
Moumouvirus	SRR9835702	NA
Moumouvirus	SRR9835703	NA
Moumouvirus	SRR9835704	NA
Moumouvirus	SRR9835705	NA
Moumouvirus	SRR9835706	NA
Moumouvirus	SRR9835707	NA
Moumouvirus	SRR9835708	NA
Moumouvirus	SRR9835709	NA
Moumouvirus	SRR9835710	NA
Moumouvirus	SRR9835711	NA
Moumouvirus	SRR9835712	NA
Moumouvirus	SRR9835713	NA
Moumouvirus	SRR9835714	NA
Moumouvirus	SRR9835715	NA
Moumouvirus	SRR9835716	NA
Moumouvirus	SRR9835717	NA
Moumouvirus	SRR9835718	NA
Moumouvirus	SRR9835719	NA
Moumouvirus	SRR9835720	NA
Moumouvirus	SRR9835721	NA
Moumouvirus	SRR9835722	NA
Moumouvirus	SRR9835723	NA
Moumouvirus	SRR9835724	NA
Moumouvirus	SRR9835725	NA
Moumouvirus	SRR9835726	NA
Moumouvirus	SRR9835727	NA
Moumouvirus	SRR9835728	NA
Moumouvirus	SRR9835729	NA
Moumouvirus	SRR9835730	NA
Moumouvirus	SRR9835731	NA
Moumouvirus	SRR9835732	NA
Moumouvirus	SRR9835733	NA
Moumouvirus	SRR9835734	NA
Moumouvirus	SRR9835735	NA
Moumouvirus	SRR9835736	NA
Moumouvirus	SRR9835737	NA
Moumouvirus	SRR9835738	NA
Moumouvirus	SRR9835739	NA
Moumouvirus	SRR9835740	NA
Moumouvirus	SRR9835741	NA
Moumouvirus	SRR9835742	NA
Moumouvirus	SRR9835743	NA
Moumouvirus	SRR9835744	NA
Moumouvirus	SRR9835745	NA
Moumouvirus	SRR9835746	NA
Moumouvirus	SRR9835747	NA
Moumouvirus	SRR9835748	NA
Moumouvirus	SRR9835749	NA
Moumouvirus	SRR9835750	NA
Moumouvirus	SRR9835751	NA
Moumouvirus	SRR9835752	NA
Moumouvirus	SRR9835753	NA
Moumouvirus	SRR9835754	NA
Moumouvirus	SRR9835755	NA
Moumouvirus	SRR9835756	NA
Moumouvirus	SRR9835757	NA
Moumouvirus	SRR9835758	NA
Moumouvirus	SRR9835759	NA
Moumouvirus	SRR9835760	NA
Moumouvirus	SRR9835761	NA
Moumouvirus	SRR9835762	NA
Moumouvirus	SRR9835763	NA
Moumouvirus	SRR9835764	NA
Moumouvirus	SRR9835765	NA
Moumouvirus	SRR9835766	NA
Moumouvirus	SRR9835767	NA
Moumouvirus	SRR9835768	NA
Moumouvirus	SRR9835769	NA
Moumouvirus	SRR9835770	NA
Moumouvirus	SRR9835771	NA
Moumouvirus	SRR9835772	NA
Moumouvirus	SRR9835773	NA
Moumouvirus	SRR9835774	NA
Moumouvirus	SRR9835775	NA
Moumouvirus	SRR9835776	NA
Moumouvirus	SRR9835777	NA
Moumouvirus	SRR9835778	NA
Moumouvirus	SRR9835779	NA
Moumouvirus	SRR9835780	NA
Moumouvirus	SRR9835781	NA
Moumouvirus	SRR9835782	NA
Moumouvirus	SRR9835783	NA
Moumouvirus	SRR9835784	NA
Moumouvirus	SRR9835785	NA
Moumouvirus	SRR9835786	NA
Moumouvirus	SRR9835787	NA
Moumouvirus	SRR9835788	NA
Moumouvirus	SRR9835789	NA
Moumouvirus	SRR9835790	NA
Moumouvirus	SRR9835791	NA
Moumouvirus	SRR9835792	NA
Moumouvirus	SRR9835793	NA
Moumouvirus	SRR9835794	NA
Moumouvirus	SRR9835795	NA
Moumouvirus	SRR9835796	NA
Moumouvirus	SRR9835797	NA
Moumouvirus	SRR9835798	NA
Moumouvirus	SRR9835799	NA
Moumouvirus	SRR9835800	NA
Moumouvirus	SRR9835801	NA
Moumouvirus	SRR9835802	NA
Moumouvirus	SRR9867812	0
Moumouvirus	SRR9867813	0
Moumouvirus	SRR9867814	0
Moumouvirus	SRR9867815	0
Moumouvirus	SRR9867816	0
Moumouvirus	SRR9867817	0
Moumouvirus	SRR9867818	0
Moumouvirus	SRR9867819	0
Moumouvirus	SRR9867820	0
Moumouvirus	SRR9867821	0
Moumouvirus	SRR9867822	0
Moumouvirus	SRR9867823	2
Moumouvirus	SRR9867824	1
Moumouvirus	SRR9867825	0
Moumouvirus	SRR9867826	0
Moumouvirus	SRR9867827	0
Moumouvirus	SRR9867828	2
Moumouvirus	SRR9867829	0
Moumouvirus	SRR9867830	0
Moumouvirus	SRR9867831	1
Moumouvirus	SRR9879292	NA
Moumouvirus	SRR9879293	NA
Moumouvirus	SRR9879294	NA
Moumouvirus	SRR9879295	NA
Moumouvirus	SRR9879296	NA
Moumouvirus	SRR9879297	NA
Moumouvirus	SRR9879298	NA
Moumouvirus	SRR9879299	NA
Moumouvirus	SRR9879300	NA
Moumouvirus	SRR9879301	NA
Moumouvirus	SRR9879302	NA
Moumouvirus	SRR9879303	NA
Moumouvirus	SRR9879304	NA
Moumouvirus	SRR9879305	NA
Moumouvirus	SRR9879306	NA
Moumouvirus	SRR9879307	NA
Moumouvirus	SRR9879308	NA
Moumouvirus	SRR9879309	NA
Moumouvirus	T50_307	0
Moumouvirus	T50_313	0
Moumouvirus	T50_317	0
Moumouvirus	T50_324	0
Moumouvirus	T50_427	0
Moumouvirus	T50_428	0
Moumouvirus	T50_431	0
Moumouvirus	T50_436	0
Moumouvirus	T50_476	0
Moumouvirus	UN_307	0
Moumouvirus	UN_313	0
Moumouvirus	UN_317	0
Moumouvirus	UN_323	0
Moumouvirus	UN_324	0
Moumouvirus	UN_427	0
Moumouvirus	UN_428	0
Moumouvirus	UN_431	0
Moumouvirus	UN_436	0
Moumouvirus	UN_476	0
